-- phpMyAdmin SQL Dump
-- version 5.0.2
-- https://www.phpmyadmin.net/
--
-- Host: 127.0.0.1
-- Generation Time: Mar 09, 2021 at 03:18 AM
-- Server version: 10.4.13-MariaDB
-- PHP Version: 7.4.8

SET SQL_MODE = "NO_AUTO_VALUE_ON_ZERO";
START TRANSACTION;
SET time_zone = "+00:00";


/*!40101 SET @OLD_CHARACTER_SET_CLIENT=@@CHARACTER_SET_CLIENT */;
/*!40101 SET @OLD_CHARACTER_SET_RESULTS=@@CHARACTER_SET_RESULTS */;
/*!40101 SET @OLD_COLLATION_CONNECTION=@@COLLATION_CONNECTION */;
/*!40101 SET NAMES utf8mb4 */;

--
-- Database: `db_simobil`
--

-- --------------------------------------------------------

--
-- Table structure for table `sy_level`
--

CREATE TABLE `sy_level` (
  `nomor` int(11) DEFAULT NULL,
  `nama_level` varchar(20) DEFAULT NULL,
  `level` char(1) NOT NULL
) ENGINE=InnoDB DEFAULT CHARSET=latin1;

--
-- Dumping data for table `sy_level`
--

INSERT INTO `sy_level` (`nomor`, `nama_level`, `level`) VALUES
(0, 'DenjanD', '0'),
(1, 'Administrator', '1'),
(4, 'Sub Bagian Umum', '2'),
(6, 'Sekdir', '3'),
(2, 'Kepala Bagian Kepeg', '4'),
(5, 'Kepala Unit', '5'),
(3, 'Staff', '6'),
(7, 'Supir', '7'),
(8, 'Satpam', '8');

-- --------------------------------------------------------

--
-- Table structure for table `sy_order_peminjaman`
--

CREATE TABLE `sy_order_peminjaman` (
  `id_peminjaman` char(15) NOT NULL,
  `id_pegawai` char(15) DEFAULT NULL,
  `no_order` char(8) DEFAULT NULL,
  `dari` varchar(50) DEFAULT NULL,
  `ke` varchar(50) DEFAULT NULL,
  `tgl_pinjam` date DEFAULT NULL,
  `waktu_berangkat` time DEFAULT NULL,
  `lama_pinjam` int(2) DEFAULT NULL,
  `tgl_kembali` date DEFAULT NULL,
  `waktu_kembali` time DEFAULT NULL,
  `alasan_pinjam` enum('Dinas Dalam Kota','Dinas Luar Kota','Pribadi') DEFAULT NULL,
  `jumlah_personil` int(3) DEFAULT NULL,
  `keterangan` text DEFAULT NULL,
  `alasan_tolak` text DEFAULT NULL,
  `supir` char(15) DEFAULT NULL,
  `kendaraan` char(4) DEFAULT NULL,
  `km_keluar` int(10) DEFAULT NULL,
  `km_masuk` int(10) DEFAULT NULL,
  `status` enum('Diajukan','Diteruskan','Diterima','Ditolak','Berangkat','Selesai','Dibatalkan') DEFAULT NULL
) ENGINE=InnoDB DEFAULT CHARSET=latin1;

--
-- Dumping data for table `sy_order_peminjaman`
--

INSERT INTO `sy_order_peminjaman` (`id_peminjaman`, `id_pegawai`, `no_order`, `dari`, `ke`, `tgl_pinjam`, `waktu_berangkat`, `lama_pinjam`, `tgl_kembali`, `waktu_kembali`, `alasan_pinjam`, `jumlah_personil`, `keterangan`, `alasan_tolak`, `supir`, `kendaraan`, `km_keluar`, `km_masuk`, `status`) VALUES
('201908001', '214406007', '42222-24', 'Bandung', 'Jakarta', '2019-08-10', '10:00:00', 1, '2019-08-09', '08:00:22', 'Dinas Luar Kota', 2, 'PT. Paninti Indonesia', NULL, 'Membawa-Sendiri', 'P-05', 23250, 23500, 'Selesai'),
('201908002', '190401006', '412-241', 'Jakarta', 'Bandung', '2019-08-12', '03:50:00', 1, '2019-08-09', '09:59:36', 'Dinas Luar Kota', 2, 'Jemput direktur dari PT. Panpan waw', NULL, '197411038', 'P-01', 15250, 15500, 'Selesai'),
('201908003', '197407012', '42221-24', 'Pangalengan', 'Cibeureum', '2019-08-12', '13:43:00', 1, '2019-08-09', '13:34:05', 'Pribadi', 2, 'Jemput Kakek', NULL, '218403006', 'P-07', 3452, 3500, 'Selesai'),
('201908004', '214406004', '4243-241', 'Bandung', 'Makassar', '2019-08-13', '13:30:00', 2, '2019-08-09', '13:33:52', 'Dinas Luar Kota', 3, 'Pertemuan Wajib Pejabat', NULL, '209403006', 'P-05', 23500, 23550, 'Selesai'),
('201908005', '205401005', '4243-241', 'Makassar', 'Bandung', '2019-08-17', '15:00:00', 1, NULL, NULL, 'Dinas Luar Kota', 3, 'Pulang pertemuan wajib pejabat', NULL, NULL, NULL, NULL, NULL, 'Dibatalkan'),
('201908006', '205401005', '4243-241', 'Bandung', 'Magelang', '2019-08-14', '09:00:00', 2, '2019-08-09', '14:48:50', 'Dinas Luar Kota', 2, 'Ke Pt. Perkasa Indonesia', NULL, '215403001', 'P-06', 12500, 12550, 'Selesai'),
('201908007', '194402005', '42222-24', 'Baksil', 'Citeureup', '2019-08-17', '11:00:00', 1, NULL, NULL, 'Pribadi', 2, 'Bawa Makanan', 'anda tidak boleh', NULL, NULL, NULL, NULL, 'Ditolak'),
('201908008', '194402005', '42222-24', 'Baksil', 'KBB', '2019-08-17', '10:00:00', 1, '2019-08-09', '14:49:09', 'Pribadi', 2, 'Bawa Makanan', NULL, '209403006', 'P-10', 6566, 6600, 'Selesai'),
('201908009', '190401006', '412-241', 'Cimahi ', 'Tangerang', '2019-08-18', '14:55:00', 1, NULL, NULL, 'Dinas Luar Kota', 2, 'Main ke kolam air panas', 'Gkboleh hehe', NULL, NULL, NULL, NULL, 'Ditolak'),
('201908010', '190401006', '412-241', 'Cimahi', 'KBB', '2019-08-14', '11:11:00', 1, NULL, NULL, 'Dinas Luar Kota', 2, 'yaaaaa', 'heeh gk boleh heh', NULL, NULL, NULL, NULL, 'Ditolak'),
('201908011', '214406007', '42222-24', 'Bandung', 'Jakarta', '2019-08-15', '11:11:00', 2, '2019-08-15', '11:33:24', 'Dinas Luar Kota', 3, 'Pergi ke PT. Paninti Indonesia', NULL, '209403006', 'P-03', 34300, 34350, 'Selesai'),
('201908013', '214406007', '42222-24', 'Pangalengan', 'Cibeureum', '2019-08-16', '15:00:00', 1, NULL, NULL, 'Dinas Dalam Kota', 5, 'Rapat akbar', NULL, NULL, NULL, NULL, NULL, 'Dibatalkan'),
('201908014', '214406007', '42222-24', 'Makassar', 'KBB', '2019-08-21', '14:30:00', 2, NULL, NULL, 'Dinas Luar Kota', 2, 'Mancing', 'Anda gk boleh main pakai kendaraan dinas', NULL, NULL, NULL, NULL, 'Ditolak'),
('201908016', '214406004', '4243-241', 'Pangalengan', 'Cimahi', '2019-08-16', '04:22:00', 1, '2019-08-15', '11:33:31', 'Pribadi', 4, 'Beli Bahan Puskomedia', NULL, '200407004', 'P-02', 45000, 45100, 'Selesai'),
('201908017', '190401006', '412-241', 'Pangalengan', 'Magelang', '2019-08-20', '12:02:00', 2, '2019-08-14', '12:54:53', 'Dinas Luar Kota', 4, 'Pt. KAI Indonesia', NULL, '208504002', 'P-05', 23550, 23600, 'Selesai'),
('201908018', '218405008', '42222-24', 'polman', 'labelle', '2019-08-01', '07:45:00', 1, '2020-09-04', '10:59:30', 'Dinas Dalam Kota', 1, 'Ambil Snack untuk pelatihan', NULL, '208504002', 'P-07', 0, 5231, 'Selesai'),
('201908019', '197407012', '42221-24', 'Bandung', 'Jakarta', '2019-08-27', '12:00:00', 2, NULL, NULL, 'Dinas Luar Kota', 2, 'PT. Transmedia', NULL, NULL, NULL, NULL, NULL, 'Dibatalkan'),
('202002020', '214406004', '4243-241', 'Rumah Ret', 'Kantor Gits', '2020-02-12', '12:00:00', 2, NULL, NULL, 'Dinas Luar Kota', 3, 'Jl. Beta No. 45', NULL, NULL, NULL, NULL, NULL, 'Dibatalkan'),
('202002021', '214406004', '4243-241', 'Bandung', 'Magelang', '2020-02-11', '11:01:00', 1, '2020-02-11', '13:27:56', 'Dinas Luar Kota', 3, 'PT. KAI Magelang', NULL, '209403006', 'P-09', 0, 800, 'Selesai'),
('202002022', '197411038', '42221-24', 'Bandung', 'Jakarta', '2020-02-12', '12:22:00', 2, NULL, NULL, 'Dinas Luar Kota', 4, 'Jl. Sukarasa No. 11', NULL, NULL, NULL, NULL, NULL, 'Dibatalkan'),
('202003023', '214406004', '4243-241', 'Makassar', 'Banten', '2020-03-01', '12:00:00', 1, '2020-09-04', '10:59:34', 'Dinas Luar Kota', 2, 'Antar PC Pesanan', NULL, '197411038', 'P-04', 0, 24124, 'Selesai');

-- --------------------------------------------------------

--
-- Table structure for table `sy_user`
--

CREATE TABLE `sy_user` (
  `user_id` char(15) NOT NULL,
  `nama` varchar(40) DEFAULT NULL,
  `pass` varchar(40) DEFAULT NULL
) ENGINE=InnoDB DEFAULT CHARSET=latin1;

--
-- Dumping data for table `sy_user`
--

INSERT INTO `sy_user` (`user_id`, `nama`, `pass`) VALUES
('01401006', 'Eni Susanti', 'e3d96c321f2a71cb81cd7d5f05f1a8d7'),
('01401007', 'Fitriah Syawalia', 'f24d4a17237ce0de3000d3959be2efa4'),
('01401010', 'Indra Pratama Putra', 'e24f6e3ce19ee0728ff1c443e4ff488d'),
('01401017', 'Sunaryo', '5787be38ee03a9ae5360f54d9026465f'),
('021303008', 'Andri', '6bd3108684ccc9dfd40b126877f850b0'),
('10101012', 'Nindia Retna Ulfah', '5249c43c8376ddd9ea109e43669e06e0'),
('141011012', 'Moch. Solahudin', 'a68ad8b05427be4f15c416ea1f9dcb3f'),
('173401001', 'Hadiwaratama', NULL),
('175405005', 'Aleks Cander L', 'e59866da313c462029662c2d9e9de531'),
('175407007', 'Ilyaskur', NULL),
('175408008', 'Tatang Sutisna', NULL),
('175408009', 'Rosidi', '73642725619cd6474e0c3f49a60bdcfe'),
('175408016', 'Suryadi', 'b5bc52b16032f3ead952c6e396a2cb57'),
('175409020', 'Suandi', 'c44d4f0f02c6b47192859508cce6d64d'),
('175411022', 'Sarjiya', 'a5b182e7adde9ec616bb3632d6f81f0f'),
('175411025', 'M.Iskandar Nataamijaya', 'fc9241c2809f44a736c0c057b0994cb4'),
('176402003', 'Kuswara', '65d14809a4364a301182ea8a5f85e106'),
('176402004', 'Toto Sukmanto', 'f71dbe52628a3f83a77ab494817525c6'),
('176402005', 'Moch. Natsir Lubis', NULL),
('176402006', 'Ecep Setiawan', NULL),
('176402008', 'Toni Suhartono', 'aefe34008e63f1eb205dc4c4b8322253'),
('176402009', 'Umen Rumendi', '51b8abd0459983605108c78a36a75a71'),
('176403011', 'Suyono Nasirun', '021206c966f42c1c4a52471a25bef194'),
('176404016', 'Budiarto', '488f11c66f34665aa2ddb515f38b4733'),
('176409022', 'alm. Sony Soeprapto', '33561003f44d374c719506bef4faeba4'),
('177401007', 'Achmad Trubus (Alm. 12 Juni 2003)', NULL),
('177402010', 'Edi Sodikin', '8457dff5491b024de6b03e30b609f7e8'),
('177402012', 'Aries Syafari', 'a482921766272cebfcdad751e6244f5b'),
('177404018', 'Ari Abadi', 'fc292bd7df071858c2d0f955545673c1'),
('177404019', 'Enjang', 'd3a0856d110d2d23ce3e4da8817a4e28'),
('177405021', 'Maria Sinta Wilyana Karamoy', '263bce650e68ab4e23f28263760b9fa5'),
('177408024', 'Wiwie Wilastrie Junaedie', '3aedbe570fbcbf66b811b7558bf461df'),
('177409025', 'Supartak', NULL),
('178401004', 'Suyono', '021206c966f42c1c4a52471a25bef194'),
('179401005', 'Moerwismadhie', '0cac49456a8a9d7d293730173af1eb71'),
('179403008', 'Tjaswan', NULL),
('180401003', 'Adies Rahman', '0953173a2418895c0c5747cec2b8d24e'),
('180401006', 'Wibawa Kreshnandi', 'd41d8cd98f00b204e9800998ecf8427e'),
('180401007', 'Soedihono', 'f92cad04dc541b6f16390569d35be45d'),
('180402013', 'Yureman Zain', NULL),
('180411015', 'Encep Kawahyu', NULL),
('181401001', 'Dini Diah Setyani', 'd41d8cd98f00b204e9800998ecf8427e'),
('181401002', 'Dindin Sulaeman', '788ad7091c4e500855fcf4e3cb1bda29'),
('181401004', 'Nurtopo Sumarsono', NULL),
('181401008', 'Frederik Adolf Holtrop', 'd31cb1e2b7902e8e9b4d1793e94c38a0'),
('181401012', 'R. Widodo', '313fabad2d80970af05f9182d5f1e3d1'),
('181404016', 'Sunarsih Hadi', '39d663fbae2e73c785f5e49213fc88a8'),
('181408020', 'Amir Hamzah', NULL),
('182401001', 'Tjun Mahsunadi', 'd41d8cd98f00b204e9800998ecf8427e'),
('182406012', 'Sentot Wahjoe Goeritno', NULL),
('182407017', 'Gamawan Ananto Soebekti', '8f241380bd05cdeaea54c25f62ad2ab5'),
('183404001', 'Yati Yulia', '1a3de730b78358fdd87727f123245162'),
('183407005', 'Agus Surjana Saefudin', '90ec46864daa32d55d823291a0b3c2b5'),
('183407007', 'Iwan Gunawan', '0abb686c8e8317e6735f5731908ed25a'),
('183407008', 'Endang Kartiwa (Alm. 9 Pebruari 2000)', NULL),
('183408010', 'Nina Ernawaty', '605fc0be6a7af3ed941c0cda7e09a9ec'),
('184404002', 'Fatonah', '74573bbdae15b54892ef08ba641278a6'),
('184407008', 'Darman', 'fb6e7c1d88a6beaaf2eb3bc6fcd6be9e'),
('184409019', 'Hartono Widjaja', 'b526704a7554d101f27cce3a78fe1d6c'),
('184411021', 'Endjang Patriatna', '08787a1b176edb98a0f96b6ab04550c9'),
('185408012', 'Iwan Harianton', '01ccce480c60fcdb67b54f4509ffdb56'),
('185409014', 'Otto Purnawarman', 'd41d8cd98f00b204e9800998ecf8427e'),
('186403001', 'Dadan Heryada Wigenaputra', 'fd68e8922a6705a916b19669fb356cce'),
('186403002', 'Mohamad Fauzi', '0bd9897bf12294ce35fdc0e21065c8a7'),
('186404003', 'Dadi Kusnadi', '11cce4cbc871796013fa495b82ff98a6'),
('186404004', 'Edi Suherdi', 'd41d8cd98f00b204e9800998ecf8427e'),
('186404005', 'Harry Purnomo', '3b87c97d15e8eb11e51aa25e9a5770e9'),
('186404008', 'Yoseph Andriyanto', 'b34e38dc4f8571cc80b8916096edf652'),
('186409013', 'Akil Priyamanggala Danadibrata', '6ea28bca3188f4e2934b6caf1dae1a0f'),
('187401003', 'Suarini', '29d4693a5191ca711505b390cdd7782d'),
('187401005', 'Endang Hapid', '7565a1fb1ffd44d62ba851ce3540b5e4'),
('187407010', 'Dadang Suryana', '0037bb978d51e84d1ad5478e85430f26'),
('187407011', 'Solihin', 'e2a85d4770703e3d62571f18d3ede236'),
('187408014', 'Happy Wahyuwidianti, S.AB', 'c6cfbbec65ab196f247bbfc6a8edd50b'),
('187409018', 'Wiwik Purwadi', '0fd1ec5593cd341c7c4af53276f10be6'),
('187410019', 'Memet Husman', NULL),
('187410020', 'Ruminto Subekti', 'd41d8cd98f00b204e9800998ecf8427e'),
('187410021', 'Bambang  Widoyono, St.', 'a9711cbb2e3c2d5fc97a63e45bbe5076'),
('187411023', 'Yayu Wahyudin', '16b580503db6f44c9307bb67a105bf6e'),
('187411025', 'Yaya Supriatna', 'f936e6010fec57ff2f73e9e97cf98b55'),
('187412027', 'Sedyomuljo', 'abe0f956c4c29df3f90aec1db18fba01'),
('188401030', 'Yuyun Solihin', '525650a65f97e3d7c95e6a0ffc01e685'),
('188401031', 'Ade Purnama', '287d589c6d3e0f856eb458a37a2e913f'),
('188403032', 'M. Ali Suparman', '86318e52f5ed4801abe1d13d509443de'),
('188406033', 'Sana', '5e5c4b421fa8b80390d5396ed40b2df1'),
('188407035', 'Paryadi', '949b4909f54f0e7a2267e32b972c0a86'),
('188408036', 'Suharyadi Pancono', '52929edfc838f05f4949b967b3664557'),
('188411039', 'Benyamin Tombe Rombeallo', NULL),
('188411041', 'Teddi Gumilar', 'aa54672bcae05048ca0528e19d42ec4c'),
('188411042', 'Ahmad Yani', '61243c7b9a4022cb3f8dc3106767ed12'),
('188411043', 'Sujana', 'c3ef50431d8138a58471970583bf670c'),
('189403004', 'Rusmana', 'eddf5980889cc3b8cf950110c688c4a9'),
('189403005', 'Sukiman', '6a45c0297ea1b2ae0e7e2259db48c05b'),
('189403006', 'Mohammad Hapid Mulyawan', NULL),
('189403007', 'Muhsin', '488d0f33831e89eca50e47d50939e925'),
('189404009', 'Endin Suntana', NULL),
('189406010', 'Yoyok Setiyo Pamuji', 'd41d8cd98f00b204e9800998ecf8427e'),
('189409011', 'Purwo Budhilaksito Binadji, R.', '27b288e070d7029531dc05dedb22aa78'),
('189409012', 'Heri Setiawan', '6812af90c6a1bbec134e323d7e70587b'),
('189409013', 'Sahid Barkah Rosanto', NULL),
('189409015', 'Kurniawan', '16ca55b4f29157780eabc6244f49d442'),
('189409016', 'Bayu Pratama Adikara', 'a430e06de5ce438d499c2e4063d60fd6'),
('189410018', 'Novi Saksono Brodjo Muhadi', 'd41d8cd98f00b204e9800998ecf8427e'),
('189411019', 'Reza Yadi Hidayat', '63b653c23313e9a6bbeaffb3439acaaf'),
('189411020', 'Casiman', '22cd9a74a777e741e9e50aa298a5606e'),
('189411021', 'Mohammad Nurdin', '7ddbde64a6c6ccadbc53b576fde9e54e'),
('189411022', 'Mohammad Nur Hidajatullah', 'b55178b011bfb206965f2638d0f87047'),
('189411024', 'Grace Agustine', NULL),
('189411025', 'Tatang Supriatna', 'd060186e5e6b83b4622443175089328a'),
('190401001', 'Achmad Muhammad', '036dff82c62f00d743fdb700ea797553'),
('190401002', 'Viententia Junianti Sri R.', '22fc69df9d68fe288f8ff4422c6281f2'),
('190401003', 'Cucu Supriatna', '487427b0c082fbada24b1afd1880136b'),
('190401004', 'Rochman', NULL),
('190401006', 'Ismet P. Ilyas', '70280a7fd333464074b90d0df576b16f'),
('190401008', 'Herwan Yusmira', NULL),
('190402010', 'Bugie Wardojo', '6074c6aa3488f3c2dddff2a7ca821aab'),
('190404012', 'Heru Agus Prayitno', 'a648ab9a3e32c5f3f6e9ddbd41c0530f'),
('190404013', 'Aris Yusep', '288077f055be4fadc3804a69422dd4f8'),
('190404014', 'Dodo Suhada', '721c6ff80a6d3e4ad4ffa52a04c60085'),
('190404015', 'Supriyadi', NULL),
('190405016', 'Irma Nuraini', '76af47488ac4ecce7c29005f15cf7d0e'),
('190407017', 'Budi Permana', '00dfc53ee86af02e742515cdcf075ed3'),
('190407018', 'Acep Komar', '7337afaa01797ee989e3c8d9874d5b3b'),
('190408019', 'Komara Margana', '9682294bff1fc33337bed46062448097'),
('190410027', 'Lulu Syafrudin', '654e4dc5b90b7478671fe6448cab3f32'),
('190410029', 'Hadi Utomo', NULL),
('190411030', 'Yayan Hidayat', 'ccbf0a5c0f14f09a68076c4804296a62'),
('191408034', 'Heri', '6812af90c6a1bbec134e323d7e70587b'),
('191409035', 'Robby Muchammad Iwan', '8d05dd2f03981f86b56c23951f3f34d7'),
('191409036', 'Andry', NULL),
('191410009', 'Nana Sukarna', NULL),
('191410039', 'Suseno', '533c00a36999afb9fd83e9f0e603a461'),
('191410040', 'Duddy Arisandi', NULL),
('191410042', 'Ismail Rokhim', '417cf9a7845ff5df009f1972f5f071d0'),
('191410043', 'Hadi Supriyanto', '36fcb788769306c1198232cd4c9e5b46'),
('191412044', 'Mijs Rolasih', '4545a2b41ae6404a1f95b9ffebe9f5e6'),
('192401001', 'Gatot Fayetomo', NULL),
('192401002', 'Addonis Candra', 'b9c4c6a8fa32e3564be840a9076574cd'),
('192403004', 'Pandoe', 'df9269b80c9ab5e4079b2763468c80bd'),
('192409010', 'Ujang Koswara', NULL),
('192409011', 'Achmad Sambas', 'e590ad4b83ac97f84569825e8f00c730'),
('192409012', 'Noval Lilansa', 'd41d8cd98f00b204e9800998ecf8427e'),
('192409013', 'Aris Budiyarto', '667cf6f25ebb95319e5b470286cbfc49'),
('192409015', 'Wahyudi Purnomo', 'c6b5cef6327916d6260a80de98184581'),
('192411019', 'Amung', '3fac0b4c645959fd827105def0ec36c7'),
('193401001', 'Wasita Tata', '49d02d55ad10973b7b9d0dc9eba7fdf0'),
('193401002', 'Yayat Ruhiyat', '4d1b0e29bbab6794a9a6f8d64a484f2c'),
('193401005', 'Narwikant Indroasyoko', '909f4ffa7207dc236d5059f25ddcd8fe'),
('193403006', 'Dede Buchori Muslim', 'bcb549e0e50e6fddef954ddf4e6b65bb'),
('193408008', 'Dadang Setragalih', '027dc74f0bbf09a61a36ec7f0d9e08ca'),
('193408010', 'Raras Renggana', NULL),
('193410018', 'Oyok Yudiyanto', '0b21cde423a15e87ce65481c00cd39d1'),
('193410020', 'Dwijo Siswanto (Alm. 12 Agustus 2001)', NULL),
('194401002', 'Antonio Augusto S. Da Silva', NULL),
('194402004', 'Iva Febriani Irawati', '74d738020dca22a731e30058ac7242ee'),
('194402005', 'Harjoto', '7650345cf6442436145799a359c2df8e'),
('194407009', 'Budi Supriyadi', 'd5ca895062e86e0dd8033dce41113604'),
('194407011', 'Jeje', '21dbd9ee5a8e54ec3157e76b32ce450c'),
('194407013', 'Hendi Ruswendi', '71ea803d7025a9ef0a399e2bc9d7867e'),
('194408014', 'Koswara', 'e90d201a853c919812d5c9c7f83d8e2b'),
('194409016', 'Nandang Rusmana', '809040bb6d7ecb1f42d04caa30a03707'),
('194410017', 'Muhammad Nahrowi', '0471d4b5b364dc0fa801323b311c5604'),
('194410019', 'Sonny', NULL),
('194410020', 'Suhandi', '5fb8c99edcac90f2b27c24e53b5bc594'),
('194410021', 'Bolo Dwiartomo', 'c8ee78f45a36aa1441fce6c3bf0c7ad9'),
('194410022', 'Eko Hartanto', NULL),
('195401001', 'Yayat', '4d1b0e29bbab6794a9a6f8d64a484f2c'),
('195401002', 'Sandi Sanjaya', NULL),
('195404004', 'Lili Heryadi', '777bbb7869ae8193249f8ff7d3e59afe'),
('195404005', 'Suryana', '4d09418a5df5af3e8b63375cfbaa2f9d'),
('195411007', 'Nandi Widarman Syah', '03dd086e697dd9e102b2674ee7286551'),
('195411008', 'Supratman', '2c62c56d3ea61833d3e66e563bc5abb1'),
('196401001', 'Beny Bandanadjaja', 'd41d8cd98f00b204e9800998ecf8427e'),
('196406005', 'Yuliadi Erdani', '1f9da6aeaca237590532d113264e82a9'),
('196406006', 'Muhamad Yasin', NULL),
('196409007', 'Dian Mardiana', NULL),
('196409008', 'Putut Son Maria', NULL),
('196410010', 'Asep Hidayat Saefudin', 'dc855efb0dc7476760afaa1b281665f1'),
('196410011', 'Dita Maulina', NULL),
('196410012', 'Iman Apriana Effendi', 'de0d455cbd99c4af7fa4fdfd7ce4f827'),
('196410013', 'Budiman Chandra', '456b39e6cf4fdc9bda6b84b0a0b557dd'),
('196412016', 'Triyogi Hertantio', NULL),
('197401001', 'Herlin', 'd34fb357dde0fe2a7aa0687c9a855fd2'),
('197402003', 'Dudi Diana', '2615726de7dfb59c869b398b415c6bda'),
('197403004', 'Dani Saepudin', '55b7e8b895d047537e672250dd781555'),
('197403005', 'Uli Wikanda', 'fe460e2d5ef08bffb59047ece11d753a'),
('197406006', 'Surya Sidharta', NULL),
('197406007', 'Ricky Ridwan Hidayat', NULL),
('197406008', 'Sophiadi Gunara', '10c048d36dfe75b46a6e452f1e5f031a'),
('197407009', 'Supriyadi Sadikin', '06793bc45269379202ab3828603d5b5c'),
('197407011', 'Hilman Indrayanto', 'db7a427c69f02c78a3a52f43005ee1d0'),
('197407012', 'Mochammad Dody Priyambudi', '6613c97ad4ade214711f08961d33373e'),
('197407013', 'Andi Noviandi', 'ae94b6c414a38c24be8ab25f597c73bd'),
('197407014', 'Eka Rusyana', 'ebfb8fb3b33b3298020f265c420af80f'),
('197408015', 'Iwan', '1e2948a5c561a0c334b9841c9f98d5c5'),
('197408016', 'Enang Hendri', '417cf9a7845ff5df009f1972f5f071d0'),
('197409017', 'Ujang Taryana', 'c959810f01adc10791f46e1b3ecab45a'),
('197409018', 'Agus Kustiman', '5be9a68073f66a56554e25614e9f1c9a'),
('197409020', 'Henry Iman Huddin', NULL),
('197410022', 'Muhammad Padang', '93da7ff0080ed80c4176b99cf2ad459a'),
('197410023', 'Cecep Ruskandi', '12561b85a11f531cbd30a7d95cb78142'),
('197410024', 'Darma Firmansyah Undayat', 'f90690e3c7de4452470c5f84120cd12f'),
('197410025', 'Kus Hanaldi', 'c1c17bb4222efbc946772909c33c370f'),
('197410026', 'Roni Kusnowo', 'd41d8cd98f00b204e9800998ecf8427e'),
('197410027', 'Dedy Ariefijanto', 'e6f89290900b364726ba7f3dc9f0fec2'),
('197410028', 'Antonius Adi Soetopo', '784742a66a3a0c271feced5b149ff8db'),
('197410029', 'Irwan', 'b360089e48b62d69c6c80fa1b5ef024d'),
('197411031', 'M. Sadiyo', 'f244a342761a822f18132b1a095f6512'),
('197411033', 'Asep Indra Komara', 'dcb76da384ae3028d6aa9b2ebcea01c9'),
('197411034', 'Yuliar Yasin Erlangga', '4a8ba78ee380bcf6102189c8620a9ca7'),
('197411035', 'Nurul Syamsiah Fathiasari', NULL),
('197411037', 'Sukirman', '2d7ba052426c021dda73b7e8348ae896'),
('197411038', 'Aceng Hikmatakyudin', '149eecba3ed9350e988206828080553d'),
('197412039', 'Nita Dhamayanti Vitri', NULL),
('198403001', 'Siti Rodiyah Andary', 'db04eb4b07e0aaf8d1d477ae342bdff9'),
('198405002', 'Iyan Purnama', '70f32b0989903de63dde4ea96d5d4000'),
('198407003', 'Herni Tri Susanti', '61b5553661a9ae2057318ed04fb4ea7c'),
('198408004', 'Pramudiya Tri Hartadi', 'e99e5c1d1794dd2806498224053c4330'),
('198410005', 'Heru Dhony Agus Riyanto', NULL),
('198410006', 'Wahyu Adhie Candra', NULL),
('198410007', 'Leonardo Junior H.', NULL),
('198410008', 'Rahmad Budi Santosa', NULL),
('198410009', 'Anto Budiyanto', 'fe0aa6b7b810292717e29f55628100fb'),
('198410010', 'Ari Siswanto', '481f0d1777f8d9b270d8000788abe513'),
('198410011', 'Moch. Achyarsyah', 'aebcc7b719a31b7955d912863229c525'),
('198411012', 'Muhammad Hadi', NULL),
('198411013', 'Muhamad Ichsan', NULL),
('198411014', 'Syahri Andi Rivai', NULL),
('198411015', 'Lukman', '5329ad026a019e81d4936067aeacb4f3'),
('198411016', 'Delon', NULL),
('199402001', 'Nia Kurnia Sari', NULL),
('199410003', 'Dhany Ramdhan', NULL),
('199410004', 'Panca Wardhana', NULL),
('199411005', 'Bustami Ibrahim', '76f565873147a2fe21f6e5caa843d9b4'),
('199411006', 'Herry Rosdyanto', NULL),
('199411008', 'Rio Raharjo', '32b7f006d559c3b65ce3b1620445e4e6'),
('199411009', 'Jata Budiman', 'd41d8cd98f00b204e9800998ecf8427e'),
('199411010', 'Ery Hidayat', '8febfb31e5bcc247ce8d0ede460d2ca3'),
('199411011', 'Haris Setiawan', 'c0ba88b8bca79ca3b50b96abdf431766'),
('199411214', 'Yan Sopian', '911f6332e7f90b94b87f15377263995c'),
('199412012', 'Aida Mahmudah', '2991a6ba1f1420168809c49ed39dba8b'),
('199412013', 'Agus Tatang', 'fdf169558242ee051cca1479770ebac3'),
('199412014', 'Yan Sopian', NULL),
('2000000', 'Yuni Wahyuni', '6b9d6ba55e4f27b1eb5ab5ca05d160a4'),
('200301001', 'Aca Usup', '2671eb6e9150cf9b53eb39752a1fb21c'),
('200301002', 'Mamad', '39cc8112db6ac295f4bce9e33514230f'),
('200402001', 'Marsudi Santoso', '83085b3ea7834fd76c71f1df5988a064'),
('200405003', 'Arfin', '2df35f905e5ed11f0b77d7cbfc5963c9'),
('200407002', 'Duarte Da Costa Sarmento', NULL),
('200407004', 'Ahmad Jupri', '120c496648a71d751126ae79fcdfa23e'),
('200407005', 'Hardi', '099a147c0c6bcd34009896b2cc88633c'),
('200409006', 'Eko Koswara', 'e5ea9b6d71086dfef3a15f726abcc5bf'),
('200409007', 'Efi Susanti', 'a9585ee26b99b02fd19465902f2fd4d5'),
('200410008', 'Asep Herman', NULL),
('200410009', 'Akhmad Roji', NULL),
('200410010', 'Agus Supriatna', NULL),
('200411011', 'Ridwan', 'bef2adcd689a37eab740458a199bb8ca'),
('20102004', 'Yani Heryani', '5cc8fb9a87bc29892ed11d4296660fe4'),
('20103005', 'Krisnawati', '9842ab3b15ea7a8e937b49491d9237a8'),
('20103006', 'Anthy Nur Ardi', '1910f11584ddc85d411c1d4e20bf970a'),
('201310001', 'Dadan Ramadhan', 'fd68e8922a6705a916b19669fb356cce'),
('201310002', 'Dedi Supriyanto', 'c5897fbcc14ddcf30dca31b2735c3d7e'),
('201310003', 'Dani Daruwita', '55b7e8b895d047537e672250dd781555'),
('201310004', 'Asep Rohmat', 'dc855efb0dc7476760afaa1b281665f1'),
('201310005', 'Mulyono', 'a5c65fd5513d5467e312ae5243205bc3'),
('201311001', 'Soni K', '3331e8d1992e9dceb8f3ce8c69d8c2fb'),
('201401001', 'Mochamad Ridwan', NULL),
('201401002', 'Andri Suhendri', '6bd3108684ccc9dfd40b126877f850b0'),
('201403003', 'Dede Sujana', 'b4be1c568a6dc02dcaf2849852bdb13e'),
('201403004', 'Pipit Anggraeni', '30d75fd5c201c6967b9e01da34658c98'),
('201409005', 'Aris Eko Setiyawan', '32b37efc271249e6353727a66fc168ec'),
('201410006', 'Setyawan Ajie Sukarno', '2a66acbc1c39026b5d70457bb71b142b'),
('201410007', 'Dede Supriadi', NULL),
('201410008', 'Edi Wahyudi Martoatmojo', '11b9842e0a271ff252c1903e7132cd68'),
('20141109', 'Sidik Permana', '41ad70698fd2214e7966a09633933204'),
('201412010', 'Irwan Irawan Sutisna', 'b360089e48b62d69c6c80fa1b5ef024d'),
('201412011', 'Mohamad Agus Solihin', 'fdf169558242ee051cca1479770ebac3'),
('201412012', 'Ayi Surya', 'fc646ab58bc3535f15cebaf9caa144e6'),
('201412013', 'Wanto', NULL),
('201412014', 'Sukawan', 'ef9638c9b59e2e2e0ef3f830ef885f81'),
('2014311003', 'Apfia Niken Taenggi', '08bdba24f01f56d1404fb0a0a66f144b'),
('2014311007', 'Ismail', 'f3b32717d5322d7ba7c505c230785468'),
('2014312004', 'Amelia Oktaviani', '176226b2d51002d2590f048881560569'),
('2014313014', 'Nuri Aryani', '883b86a631f14fd095ca4f7627b6be7b'),
('2014313039', 'Rahmat Romadhona P', '47517a601e007a98e01d6b59d7e29061'),
('202401001', 'Freddy Sihaloho', NULL),
('202401002', 'Ruswandi', 'fa9c89674a81799fdc6ec64effd183d0'),
('202402003', 'Ade Ramdan', 'df11a6e0e640da193e41d8ac4ac07777'),
('202402004', 'Benny Chandra', NULL),
('202402005', 'Sopian', NULL),
('202402006', 'Yofi Ahmad Cholil', '304dac82e2bf3caac36b67451cfe62f7'),
('202405007', 'Herman Budi Harja', 'a1a6907c989946085b0e35493786fce3'),
('202410008', 'Nur Wisma Nugraha', 'b55178b011bfb206965f2638d0f87047'),
('202410009', 'Ervina Nuzlyana', 'd27317413102cd418365ae6b10c0332a'),
('202410010', 'Cucu Cuyaman', NULL),
('202410011', 'Hendy Rudiansyah', '84016a5850e1c2fc8407f576083e669c'),
('203401001', 'Edi Suryadi', '953e43ff3c50b67e90f178a503fa3914'),
('203401002', 'Nurmasihin', '42ba504ff757cdcb94b854539a111776'),
('203401003', 'Yun Gemilang', '39feac4ad338b8a13fabb54e83e69825'),
('203401004', 'Agus Riadi', 'b432f34c5a997c8e7c806a895ecc5e25'),
('203410005', 'Deasy Damayanti', 'f431b0eea3c08186ed101e588bfb3a2f'),
('204401001', 'Wawa Wahyudin', '892a9944cf14665375630c06a1902152'),
('204401002', 'Samsudin', 'e503392bd9207b27146f0153e67d8057'),
('204401003', 'Kiki Subekti', '0d61130a6dd5eea85c2c5facfe1c15a7'),
('204405004', 'Rudi Rasyidi', NULL),
('205401001', 'Ayi Tarya', 'b4cd20e87f4b3b5925f27256e5979208'),
('205401002', 'Ading Hidayat', 'd8578edf8458ce06fbc5bb76a58c5ca4'),
('205401004', 'Welly Handoyo', NULL),
('205401005', 'Dicky Rahman Hanaviah', 'ee0b6db238b075d0da86340048fb147a'),
('205401006', 'Dini Hadiani', '83476316a972856163fb987b861a0a2c'),
('205401007', 'Elis Siti Munawaroh', 'eaba1bca7df38544439d482bb60ab916'),
('205401008', 'Nia Nuryanti Permata', '04a481486dd84d7c8bfdfc89d38136a6'),
('205403009', 'Taofik Arifin Yanto', 'fccaa97366ccaace718ffb545fa6828b'),
('205403010', 'Ratih Suhartini', 'a5bd72a3d2c4d1686415f93a46fc7a0a'),
('205403014', 'Dewi Idamayanti', '81aa7c24cbd17abfba60f3836a9cebf0'),
('205404011', 'Emma Dwi Ariyani', '77102abfd5aeca3cd8d601df8dac307a'),
('205404013', 'Ranu Sutikno', '0fcb6320922db86a6302ba2e91cfa5b3'),
('205412014', 'Deni Lukman Hakim', 'cd3e48b4bce1f295bd8ed1eb90eb0d85'),
('206404001', 'Andi Candra Eka Prasetyo', '9b5099a5ca635ab52d0c71ce46fe2f21'),
('206404002', 'Yana Handriyana', 'e1ce1e8d0877b06b55b613d5b22b0251'),
('206411003', 'Akbar Robiyana', '4f033a0a2bf2fe0b68800a3079545cd1'),
('206412004', 'Anggita Altin', '3f2ce43db1b1b7758ab5e3e51063e1f7'),
('206412005', 'Pando Utomo', '1c50be191cd0d4133e877292f5cc6b2c'),
('207401001', 'Idan Sukmara', 'a9b52e6b3d8c1198fcb74fea21a6191a'),
('207401002', 'Nina Agustina', 'f2ceea1536ac1b8fed1a167a9c8bf04d'),
('207403001', 'Lucky Juniarto', '339a65e93299ad8d72c42b263aa23117'),
('207403004', 'Sri Jumiati Mariam', 'd1565ebd8247bbb01472f80e24ad29b6'),
('207403005', 'Deni Nasrul', 'b1098cab9c2db3eb9f576eb66c33449c'),
('207406007', 'Iqsan Deri', '28ce2cf497ea89a262a03d253879739a'),
('207407007', 'Tedy Moelyono', '5a37cecbe60d228a694ee4b680293dd5'),
('207409008', 'Ega Mardoyo', 'fa821be92cbda78d72a38665a85faec8'),
('207409009', 'Bhekti Lestari', 'f509e5b1aa24c8222241883261555ed5'),
('207409010', 'Inta Ovyantari', '4d20bb4214c8ee6453e5be2a36d71c21'),
('207409011', 'Tuti Srihastuty', '7da0da6bf56eb7dc3f1b10684b7c806e'),
('207411012', 'Andri Pratama', '6bd3108684ccc9dfd40b126877f850b0'),
('207411013', 'Yogi Muldani', '938e14c074c45c62eb15cc05a6f36d79'),
('207411014', 'M. Phanterectus', '52f0abf70fb3e7b21042ab6151516908'),
('207411015', 'Cucu Suryani', '487427b0c082fbada24b1afd1880136b'),
('208309005', 'Happy Soviani', '56ab24c15b72a457069c5ea42fcfc640'),
('208401001', 'Agus Prakosa', 'fdf169558242ee051cca1479770ebac3'),
('208402002', 'Puji Lestari', 'f5e4b33c633b204ea454d36543559011'),
('208411003', 'Fadli Mukhtarif', '0a539e9da09b0ab58fd282832c07b6ab'),
('208411004', 'M.Irfan Muttaqin', '24b90bc48a67ac676228385a7c71a119'),
('208411005', 'Maulana Aria Pratama', 'e5fcdb7d6efb39b66c72d52c5fc8cfa1'),
('208411006', 'Isa Setiasyah Toha', '165a1761634db1e9bd304ea6f3ffcf2b'),
('208501001', 'Teddy Moelyono', 'aa54672bcae05048ca0528e19d42ec4c'),
('208504002', 'Cep Hamzah', 'd7fa34a9a47ee0f5fd620de7a326ef4a'),
('209401001', 'Angga Indra Kusumah', '8479c86c7afcb56631104f5ce5d6de62'),
('209401002', 'Andi Aru Mulyono', 'ce0e5bf55e4f71749eade7a8b95c4e46'),
('209403003', 'Maulida Diarakhmah Suharja', 'abebfbe48405c2059a5d24c8288647ef'),
('209403004', 'Trias Andriyanto', '8250f0b2495fa1c40e0afba955c09398'),
('209403005', 'Rina Ferianti', '3aea9516d222934e35dd30f142fda18c'),
('209403006', 'Pungkas Apri Wibowo', 'a688a301ea65e4332ab40de5629bea72'),
('209403007', 'Nandan Priatna', 'bd8fe2cfe193ab507dbc4a2aecca0599'),
('209403008', 'Sadili', 'a8c7bd8b5fe8475dd42b00930141f130'),
('209408009', 'Dodik Firmansyah', '82b00125c2ec05d38220ed4e1774e084'),
('209411010', 'Rofan Yulian Romansyah', 'a30ba30716cc6770573ea7d12564f6c4'),
('209412011', 'Riona Ihsan media', 'e172dd95f4feb21412a692e73929961e'),
('210132005', 'Andreas Tian Jeantiara', 'e024f9589c1e9d64b34cb1257d9c9dfc'),
('210132010', 'Celsa Melinda', '2b5f80f86ea590c7ee9a20dcbc0be6d9'),
('210132011', 'Chyntia Fitri Maneva', '12ab06465bff2a096d4e98e07a073798'),
('210132012', 'Delfian Bella Sukandi', '25d2329bc55ce079e0eaeb1e7d1cf5e8'),
('210132015', 'Hasan Priyanto', 'fc3f318fba8b3c1502bece62a27712df'),
('210132019', 'Neneng Meylani', '4fa4cb97e4151c0b0fecef4036416b94'),
('210135002', 'Anggoro Yudo Wicaksono', '5e44d321ad90f6d2567971f9fb38f6ee'),
('210135003', 'Asep Ibrahim', 'dc855efb0dc7476760afaa1b281665f1'),
('210135004', 'deni agustian', '43f41d127a81c54d4c8f5f93daeb7118'),
('210135005', 'Dita tirta mulyasari', 'e6b047aa9378bce37a5260a949d1ea3e'),
('210135006', 'Encun Suryana', '1a2d84be53ff42226db9a6ccb41539a6'),
('210135007', 'Faris Nurrasyid', '7d77e825b80cff62a72e680c1c81424f'),
('210135008', 'Hasri F', 'c6bf0b0784ce28e984d8b9443beecc54'),
('210135010', 'Kiki Rizky Prasetia', '0d61130a6dd5eea85c2c5facfe1c15a7'),
('210135011', 'Mohamad asfari', '64ef6363b95a28c2c1b91189a57fec54'),
('210135012', 'Muhammad Iqbal Ali Islami', 'a7777999e260290f68a1455cacdabf6c'),
('210135013', 'Mukit Almalik', '4497aea1b3013b723463904612dbfd46'),
('210135014', 'Nasrul Hidayat', '6f76ea47c8facb083934b74117386d47'),
('210135015', 'Naufal Mustoffa', 'a7ef174d3ed272acd2b72913a7ef9d40'),
('210135016', 'Ramdani', 'd466b19c76d86965501e24954150759c'),
('210135017', 'Restu Satria Pradana', 'de9ce4ee35f378f6d801a3820855f1cd'),
('210135018', 'Rian Ariana Putra', 'cb2b28afc2cc836b33eb7ed86f99e65a'),
('210135019', 'Rio Hamdi Putra', 'd5ed38fdbf28bc4e58be142cf5a17cf5'),
('210135020', 'Rizki Putra Nurrahman', '3e089c076bf1ec3a8332280ee35c28d4'),
('210135021', 'Rochmat Rahayu subagja', '42016f6d0ff5e2a2f74fa7d9137a2897'),
('210135022', 'Rommy akbar Ferdian Setiandy', '10b89904c08a3e1949bc6cf1688934ae'),
('210135023', 'Ula Grace Rosyidah', '43cb6ab4a042b281ac5067a4cfc7ecfb'),
('210135024', 'Yanwar rajib', '4c9c7b1e0a7bb8bf64c04564323a8145'),
('210302003', 'Yayang Komriadi', '83cd3db234e8bcd817deb25b7fa35d89'),
('210302005', 'Febriyanto', '05a393bf78402b033dd21be00c401883'),
('210342008', 'Gia Haryza', '64df52a03a4bc8c7a95aa8b29ee436e1'),
('210342009', 'Jatnika Gumilar Cahyana', '3bfa6e1030d5f438ba3b0818e178f2b8'),
('210342013', 'Nur Rochmat', 'b55178b011bfb206965f2638d0f87047'),
('210342017', 'Rizki Raja Sulaeman', '3e089c076bf1ec3a8332280ee35c28d4'),
('210342021', 'Samsul Muarif', '6ddcd35687be9a4415e4416a6dd6829e'),
('210342022', 'Sinta Fajrian', '08ca451b5ef1a7c86763d31e7711a522'),
('210401001', 'Adhitya Sumardi S', '486b6c6b267bc61677367eb6b6458764'),
('210401002', 'Nuryanti', '876ec7ff130bb4330d53602b785dfa5d'),
('210401003', 'Siti Aminah', 'db04eb4b07e0aaf8d1d477ae342bdff9'),
('210401004', 'Dadang Rukmana', '0037bb978d51e84d1ad5478e85430f26'),
('210401005', 'Supriatna', 'bae46ce6405d58fec5eb87a145248a16'),
('210401006', 'Kurniawan (FE)', '16ca55b4f29157780eabc6244f49d442'),
('210401007', 'Muhammad Mustiadi', 'ca138ee57182d91595fcd5999088f0fd'),
('210401008', 'Dede Suhendar', 'b4be1c568a6dc02dcaf2849852bdb13e'),
('210401009', 'Hilman Sudrajat', 'cf081b11e184de45ecce347f758936f9'),
('210402010', 'Risa Rosika', '735c9c3675eaba16bfbec5913174067e'),
('210402011', 'Rika Karisma', 'e32994c67f9a773e841f9e97bd26f014'),
('210402012', 'Rimba Purnama', 'e10adc3949ba59abbe56e057f20f883e'),
('210403013', 'Riesa Oktaviani Lestari', '64ed1425cdd265bf919c61344bbab360'),
('210403014', 'Indah Ratna Sary', 'f3385c508ce54d577fd205a1b2ecdfb7'),
('210406015', 'Nana Suryana', '518d5f3401534f5c6c21977f12f60989'),
('210410016', 'Abyanuddin Salam', 'e172dd95f4feb21412a692e73929961e'),
('210410018', 'Muhammad Giri Suhada', '8bb7d19890e804ced1ccb45a2661d665'),
('211303001', 'Yulianti Lelepory', 'f58a4d09485609a22c50547646e5282b'),
('211313010', 'Ervan Rustandi', 'd50346b92e6564381ec829f3daaadf3c'),
('211313041', 'Rian Dino', '3adfea8f5ac0b02067e33765763a4111'),
('211313043', 'Sofwan Nurfalah', 'a7741e67d26febdc124d3353f6218ba4'),
('211313044', 'Vigour Rizko M', '1e5946405b3eec6ec4ae69f8174c1455'),
('21132005', 'Elin Roslina Tresnawati', 'e90b4ba6c19dd721febd0e0856edb667'),
('21132015', 'Muhammad Iqbal Muliagi', 'eedae20fc3c7a6e9c5b1102098771c70'),
('21132020', 'Shabrina Wyanet Firdani', '28d042089e0a320956274bfd76ee5cda'),
('21132022', 'Vidyadhari Aninditha', '4dc13c8aa6371cbcb715d66f351ca293'),
('21132024', 'Zulfi Syah Bugar', '0567e38839b9001f2b0754984129763c'),
('211322005', 'Arbi Rahman Sihdi', '9e4b7b4b8aee0e53dc7fe3bd7ceffdb7'),
('211322006', 'Aulia Hafiza', '614913bc360cdfd1c56758cb87eb9e8f'),
('211322012', 'Iqbal Azhar Ramdhani', 'eedae20fc3c7a6e9c5b1102098771c70'),
('211322014', 'Miftah Salam', '0860dfc81a442d5c56230c8f5cebf1d5'),
('211322017', 'Mohamad Aldhi Pratama', 'ab55425ac87c3e18a8c0f071f1079fd2'),
('211322020', 'Octavia Ambarwati', '89a169d5b06eac14607cdc244427d66f'),
('211322024', 'Tyas Pramudita', '0c36534326afe8f3c3e7f4d1aaab1079'),
('211331006', 'Insannurdien Kamil', '527b81568234d9d90f7f5477e14ca9b0'),
('211331007', 'Qisthi Noviteningayu Ahdania', '49b2c89b60b650d658f0fc46bb948c3d'),
('211331008', 'Richo Parmidika Nugroho', '0807ffc1a0fa5977d16119363fff1920'),
('211331010', 'Sara Zetira Meifriza Azzahra', '5bd537fc3789b5482e4936968f0fde95'),
('211331017', 'Dewa Gede Indra Udarayana', '3b31aae2787818ba209950b2edb35e01'),
('211331022', 'Hikmatyar Ghassan Fariz H', '106b1969830d992fecbd3c39983b80ac'),
('211331023', 'Janottama Werdhabudi', '254961eff94a0263c9d849d058d78434'),
('211331028', 'Muhammad Arifin Rani', '89a46a3f7d7fe20f88bd3dbfd7943c89'),
('211331032', 'Ridholah Esya Putra', '926a161c6419512d711089538c80ac70'),
('211341071', 'Passa Luthfi yanuar', 'bec341ed1505df4197f2b66fcff3946a'),
('211401001', 'Yos Setiana', 'fd58de9a9e5906e3ea4682bf1a2da8aa'),
('211404003', 'Heru Susanto', 'ea07ff4e27d0bcf5f786f39e44e031f1'),
('211404004', 'Oo Sobirin', 'e22e6a011aee88d47c481538841f9885'),
('211407005', 'Yana Mulyana', '33724c20a01de141819406472a7dc219'),
('211407006', 'Kiki Sri Nur Endah', '7df542543e6637433e82e75dfa02558a'),
('211408007', 'Feby Prinadewi', '5f39601acf39067fc179ba7272e0abac'),
('211408008', 'Lina Nurliyana Sari', 'f6f4deb7dad1c2e5e0b4d6569dc3c1c5'),
('212301001', 'Erwindu', 'f295189829ffac71c5a71eaf34f90931'),
('212301002', 'Yani Rohmah', '080840925a7e2087673145d83918c658'),
('212301003', 'Sri Kusdamayanti', 'd1565ebd8247bbb01472f80e24ad29b6'),
('212301004', 'Andri', '6bd3108684ccc9dfd40b126877f850b0'),
('212301007', 'Asep Saepuloh', 'dc855efb0dc7476760afaa1b281665f1'),
('212301010', 'Devid Setia N', 'caca60fed150e9b827e82e417726d3a0'),
('212301012', 'Endang Taryana', '7565a1fb1ffd44d62ba851ce3540b5e4'),
('212301013', 'Isa Rousmana', '165a1761634db1e9bd304ea6f3ffcf2b'),
('212301014', 'Rama Mulyanto', 'e04f28cc33cb20274dd3ff44e600a923'),
('212301015', 'Hasanudin', '39af50d7373ca90114ac98b7dcff866c'),
('212301016', 'Muhamad Nanda', 'cebd50a2aac0ee7ad9d6094e67d4e421'),
('212301017', 'Rosidi', '73642725619cd6474e0c3f49a60bdcfe'),
('212301018', 'Riawalhadi', '369de82aaaad22475721c3153f0ea631'),
('212301020', 'Sopian. S', 'bd99eb0d2f4f613a4812b37049b06991'),
('212301025', 'Yayan', 'ccbf0a5c0f14f09a68076c4804296a62'),
('212301026', 'Aries', 'a482921766272cebfcdad751e6244f5b'),
('212301027', 'Soni', '194f84f0a1041c9c9ec8d6257746c869'),
('212301028', 'Derry', '7ed3cd42d276630e73113a199b0593f4'),
('212301031', 'Ahmad', '61243c7b9a4022cb3f8dc3106767ed12'),
('212301034', 'Asep Komara', '2615726de7dfb59c869b398b415c6bda'),
('212301035', 'Dian S', 'f97de4a9986d216a6e0fea62b0450da9'),
('212301036', 'Rahman', 'e9b74cd3c4c1600ee591fd56360b89db'),
('212301037', 'Said', 'b7b791e873f143d5318310e59022175d'),
('212301041', 'Asep MD', 'dc855efb0dc7476760afaa1b281665f1'),
('212301042', 'Karsito', '27aa515ad16708257b04a5c61ac5c484'),
('212301043', 'Asep Soma', 'a8d2ca5ec3a4eb3c705c881cb2f5ef9b'),
('212301046', 'Gantira', 'e4a7a5ef2da4ae18e094a0c540a2d706'),
('212301048', 'Sudrajat', '9aa000021a0baa983c3efbfa4ba76fd4'),
('212301052', 'M. Jumara', '21d3d85adede6883cd9afba796724aeb'),
('212301054', 'Charlie P Silaen', 'bf779e0933a882808585d19455cd7937'),
('212301064', 'Obay', '93b346ca61592fb15ab367b07f2a2466'),
('212301066', 'Rudi M Rozali', 'c5c5a17bbf5d31171d022fb123416d1a'),
('212301068', 'Fajar', '24bc50d85ad8fa9cda686145cf1f8aca'),
('212301078', 'Deni Anwar', '43f41d127a81c54d4c8f5f93daeb7118'),
('212309001', 'Ika Iqlima', '7965c82127bd8517d2495e8efb12702c'),
('212401001', 'Danang Ersanto Nugroho', '6a17faad3b1275fd2558d5435c58440e'),
('212401002', 'Dede Rukmana', 'b4be1c568a6dc02dcaf2849852bdb13e'),
('212401003', 'Agus Suherman', '7a1b9d44d07b43b5b46b7db8611abe27'),
('212401004', 'Rohmat Saepuloh', '009daa6f39ffa22858746fc1e153da4f'),
('212401005', 'Yogi Iskandar', '938e14c074c45c62eb15cc05a6f36d79'),
('212401006', 'Heru Gunawan', 'dd0da050656381605eba33e745b3f098'),
('212401007', 'Adang Iskandar', '6d841b3399047437e084025463970a65'),
('212403008', 'Anto Pratama Putra', '2c946c0178ec72aaefa54f786540d301'),
('21303004', 'Tatang', 'd060186e5e6b83b4622443175089328a'),
('21303005', 'Mukti', '9870707091e577de88930ce558347125'),
('21303007', 'Rendi', 'd209fc47646bba5e5fdc3d3bbaad4b9c'),
('21303012', 'Irwan', 'b360089e48b62d69c6c80fa1b5ef024d'),
('21303013', 'Asep suparman', 'dc855efb0dc7476760afaa1b281665f1'),
('21303015', 'Dodi', 'dc82a0e0107a31ba5d137a47ab09a26b'),
('21303016', 'Yana Kurniawan', 'e1ce1e8d0877b06b55b613d5b22b0251'),
('21303017', 'Alif Fandri', '099a147c0c6bcd34009896b2cc88633c'),
('21303018', 'Heri Toto Haryono', '6812af90c6a1bbec134e323d7e70587b'),
('21303021', 'Hendra Setiawan', 'a04cca766a885687e33bc6b114230ee9'),
('21303026', 'Firnando Tanjung', '252737bf45729f06a09d1be17f374717'),
('21303027', 'Rizal Tirta Maulana', '150fb021c56c33f82eef99253eb36ee1'),
('21303029', 'Ragil Kusumah', '67153c4ffb77b9d03276cad142a84e79'),
('21303030', 'Priyo Laksono', 'fc5b04cae4c118ab18fc971918299350'),
('213030327', 'Meindra Yudhap', '1c2ff88b5e8d80b1f0ddb38424b16759'),
('21306001', 'Mamat', '24b65fcef95d94b6d41ecaa85a70e46f'),
('21306002', 'Tedi Setiadi', 'cc1e1887fb2c20cccc72a729c73fb73b'),
('21306003', 'Luki Lukman Hakim', '3351374649a3645cf743feafeb13c2df'),
('21306004', 'Tedi Setiadi', '68c04bd58634c3b81e9c0d204c1b1859'),
('21307001', 'Endi Yusuf', '2d408d73e59c148e79ea43f65908bac6'),
('21307002', 'Iwa Casmita', '220c9f3e0b71987af0b40b701bdd74c2'),
('21307003', 'Jihad Khalid Ur Rachman', '534e4f1fce23d5fa4cff6d14432e00f7'),
('21307005', 'Asep Rudi Sudrajat', 'dc855efb0dc7476760afaa1b281665f1'),
('21308001', 'Hutomo Eka Febrianto', '8efe22719fa38f57f80ffac5e8abec8b'),
('21308002', 'Turohim', '03847db87b2b144c4184c1854ef32383'),
('21308004', 'Yusup', 'dd2eb170076a5dec97cdbbbbff9a4405'),
('21309001', 'Uday Sukardi', '64cdce3a9cbb8e3a4209bd3b6c1add09'),
('21309002', 'Atep', 'cd47220ebeee5ab292fb0b28eb2fa99d'),
('21310001', 'Riki Efendi', '62dd7e80fdfcb966cac9c849268c61d9'),
('21311001', 'Suhara', '5e0bd20dbce5cb084023f3c17aafe8be'),
('21311002', 'Mamat Hendiana', '24b65fcef95d94b6d41ecaa85a70e46f'),
('21311003', 'Gilang Permana', 'c37fddfb7b3f538674c6e9a77e7bf486'),
('21312001', 'Suherman', '32b092f86e6995e1607ae9122b79b032'),
('21312002', 'Mulyati', '18466db289cd41e6ef68b68d365b28e3'),
('213301001', 'Susy Apriani', 'ae2518f0370729389043d0874b2f229f'),
('213302002', 'Asep Mulyana', 'dc855efb0dc7476760afaa1b281665f1'),
('213303001', 'Rojali', 'a0cac7368165fdbfdf3cf40d41f2a07c'),
('213321010', 'Nadia Khairunnisa Ramdhani', 'a2e8cea3392da09d1d31be3fca68efed'),
('213402001', 'Febilia Kuswandari', '9a767ccc0badf59833f739939f433ae3'),
('213402002', 'Annisa Sriwati', 'c9d2cce909ea37234be8af1a1f958805'),
('213402003', 'Desi Rizky Apriany', '069e2dd171f61ecffb845190a7adf425'),
('213501011', 'Andri', '6bd3108684ccc9dfd40b126877f850b0'),
('213501012', 'Hendra', 'a04cca766a885687e33bc6b114230ee9'),
('213501013', 'Dik Dik', '917643ef6d9abd95d68a6f16ac613853'),
('213501015', 'Adang', '6d841b3399047437e084025463970a65'),
('21409001', 'Siti Nurjanah', 'db04eb4b07e0aaf8d1d477ae342bdff9'),
('21409002', 'Yanti Rahmawati', '0bfdcd8914a53e117fda8d10954810e8'),
('214321002', 'Ema Herfiana', '87e76c49dc88b8ed5fe76b3f10ee7a70'),
('214321003', 'Andrian Dwi Prayoga', 'f3432339f2fb1092d4e8a2fc3843c147'),
('214321012', 'Muhammad Syarif Hidayatullah', '8daa2f003d41f1ea865c1503b3d99d3d'),
('214321015', 'Ona Halis Damayanti', '030c76e4f0ed31202379e6df29def1d6'),
('214402001', 'Ika Iqlima', '7965c82127bd8517d2495e8efb12702c'),
('214406001', 'Gun Gun Maulana', '682e923a65774519c231a066a38d4238'),
('214406002', 'Afaf Fadhil Rifai', '0708a5063ae282ad69314d68f1742051'),
('214406003', 'Riky Adhiharto', '0dded33fcb3dff8dab664cef68f309fc'),
('214406004', 'Ihfan Aditya Ghafur', '27cd22f49ffe712934ce35a5255f876d'),
('214406005', 'Andri Wiyono', '6bd3108684ccc9dfd40b126877f850b0'),
('214406006', 'Ade Hasan Sumarso', '29cf39529fced19063b861ce945c98a4'),
('214406007', 'Nendi Sudrajat', 'cfba03cfe4c900cf8069e518fd420c17'),
('214407008', 'Rendi Reynaldi', 'd209fc47646bba5e5fdc3d3bbaad4b9c'),
('214407009', 'Andi Purnomo', 'ce0e5bf55e4f71749eade7a8b95c4e46'),
('214407010', 'Shinta Pertiwi', 'cd21cbf1821248c06b61630753401c08'),
('214410011', 'Siti Hasanah', 'db04eb4b07e0aaf8d1d477ae342bdff9'),
('214411012', 'Wina Anggraeni', '3747722ea59533d34a31b3c562384518'),
('214411015', 'Risky Ayu Febriani', 'db5ee8e280c13e08523b28ca17db5ffb'),
('214601001', 'Dian Hanurayati', 'f97de4a9986d216a6e0fea62b0450da9'),
('214601002', 'Amar Ahmadinah', '36341cbb9c5a51ba81e855523de49dfd'),
('214601003', 'Juju Juariah', '0348dcd774a2892097b9d5c84ce882d3'),
('214601004', 'Rudi Anggara', '1755e8df56655122206c7c1d16b1c7e3'),
('214601005', 'Yuli Setiawati', '4a01a05a350e1c7710c989f1211245a8'),
('214602006', 'Siti Maria', 'db04eb4b07e0aaf8d1d477ae342bdff9'),
('214602007', 'Yoni Setiansyah', 'b1bd441640687fb9d62ce755d1b010d4'),
('214602008', 'Dede Cahyadi', 'b4be1c568a6dc02dcaf2849852bdb13e'),
('214602009', 'Astri Destiany Gantina', '963e962d210a6bd067f1a47c6fb3ebbb'),
('214603010', 'Ernawati', '8a5632feee303ec3b654ed4eedf15bbf'),
('214603011', 'Ridwan Samsudin', 'd584c96e6c1ba3ca448426f66e552e8e'),
('214603012', 'Dindin Safrudin', '788ad7091c4e500855fcf4e3cb1bda29'),
('214603014', 'Yudi', 'c232864d5de2064450915c0b9e4cc0b5'),
('214605015', 'Asep Supriatna', 'dc855efb0dc7476760afaa1b281665f1'),
('214605016', 'Rizal Azhar', '150fb021c56c33f82eef99253eb36ee1'),
('214605017', 'Iwan Kurniawan', '01ccce480c60fcdb67b54f4509ffdb56'),
('214605018', 'Dedi Suhendi', 'c5897fbcc14ddcf30dca31b2735c3d7e'),
('214605019', 'Darmawan Saragih', '4d96c294635019ba56b729675881202a'),
('214606017', 'Luki Ruhimat', '3351374649a3645cf743feafeb13c2df'),
('214607019', 'Roki Rokandi', '64b69ce05f9e128794e433fea61a7e24'),
('214607020', 'Mitin Puspa', '7a5aa47f77769d291903d133dcb4314d'),
('214608021', 'Yati Suryati', '1a3de730b78358fdd87727f123245162'),
('214608022', 'Cahyadiguna', '7513810474271763d6f8f0c999466094'),
('214611023', 'Ridhuan Marsus', '1333e4bdc34e650f64312e3dec005f46'),
('214611024', 'Arip Aripin', '5d7eb10bb6ad23967c1aef0829b418eb'),
('214611025', 'Randi Ade Rohiman', 'ec1a08ca25857e260784856b3556804d'),
('214612025', 'Caca Sutarja', 'a916976058be106ac56c41794e2662b5'),
('215301001', 'Kania', 'ab22fdc4dbfa64b525593717b145a4b8'),
('215301002', 'Deri Saputra', '0b6d877d11e1dcd539b2b9282f270fe8'),
('215301003', 'Slamet Purwanto', 'c5a42d9667c760e1b7c064e25536e570'),
('215301004', 'Cucu Taryana', '487427b0c082fbada24b1afd1880136b'),
('215301005', 'Irfan Andri Lesmana', '24b90bc48a67ac676228385a7c71a119'),
('215301006', 'Dadan Ramdan', 'fd68e8922a6705a916b19669fb356cce'),
('215301007', 'Dedi Suhendi', 'c5897fbcc14ddcf30dca31b2735c3d7e'),
('215308001', 'Budianto', 'e4ae4e6db6faefba26c572fbcba7f5a4'),
('215313019', 'Fachri Achmad Maulana', '481600ee22793ea5a8024be139b7c2d6'),
('215321013', 'Radya Catur Susanto', '2d33f9e65cc1523267f738066ea35c75'),
('215322002', 'Ardiansyah Arya Salvinia', '0264391c340e4d3cbba430cee7836eaf'),
('215322004', 'Gizza Khalifatullah Perkasa', '7d5bf37e8adbccfd6ba75f49244573b8'),
('215322010', 'Muhammad Naufal', 'a7ef174d3ed272acd2b72913a7ef9d40'),
('215401001', 'Mariam', '13c6cf272b6dc642b9712d5dfccc2e42'),
('215403001', 'Purwanto', 'ba1466ee453e1198e27dabdbbb0501ad'),
('215411017', 'Mohammad Yazid Diratama', 'ad097d2585bc7c62fd1ed53083637aaa'),
('215411940', 'Sathya Yogi', '03c0bb969dc531158a9f5cfcda5a6b58'),
('215412002', 'Susetyo Bagas Bhaskoro', 'ee776a18253721efe8a62e4abd29dc47'),
('215421914', 'Fiqri Fauzi Abdullah', 'd638c14172d17ca0cb872eedca8cdbf8'),
('215431915', 'Shafwan Haidar Iskandar', '6665e99d72f4e306d10f2513034e453c'),
('215601001', 'Indra Bayu', 'e24f6e3ce19ee0728ff1c443e4ff488d'),
('215609002', 'Muhammad Chiko Aprizal', '583497a5bb884e13a52acd186fd7eecf'),
('216301001', 'Andrik Munajat', 'dbd2f817d0b11453d991f722fb8b1ae6'),
('216309001', 'Dadang S', '0037bb978d51e84d1ad5478e85430f26'),
('216310002', 'Yudi Maulana', 'c232864d5de2064450915c0b9e4cc0b5'),
('216322014', 'Jaqueline J. Aborwar Burdam', 'e08763719366a26421a047ac14e0fb1e'),
('216322016', 'Martha Rumbrapuk', 'c88a762196e88c6fed95675d156b1438'),
('216410001', 'Tika Meizinta', 'c27cd12c8034c739304c22a3a3748e39'),
('216410002', 'Andri Pratama', '6bd3108684ccc9dfd40b126877f850b0'),
('216411003', 'Dinny Indrian', '18e54325b78c44ae453a263c88a5b934'),
('216411004', 'Faisal Abdulrahman Budikasih', '3fb3374401c69dc4487a3f5c36874fe6'),
('216412005', 'Muhamad Aditya Royandi', '057829fa5a65fc1ace408f490be486ac'),
('216412006', 'Devid Setya Nugroho', '8c265dc4382bd9bc7eab5ee768585c65'),
('216412007', 'Usep Indra Hamdani', '56c4a862c1cdc9d70f7341e6e56b2a40'),
('217407002', 'Andita Permata Hati', '9aa0d1d992a14048d2f2e8b01f4c057d'),
('217409003', 'Fajzar Dwi Kresnandar', '0b7e975e1a0425d0ccebaf765f6abfe3'),
('217410004', 'Alvia Fadila', 'b46b169c76234c9dab393bad146bfeec'),
('218401001', 'Fachri Ilman Fauzandi', 'fd02800cfb8ddee3834343e382acbea2'),
('218401002', 'Fitria Suryatini', 'e2ebcfdd55876407db98b124007a320a'),
('218402003', 'Ulfa Fairuz Izdihar', '23111cf70745859063eec8a99d6206d9'),
('218402004', 'Readya Adhiwidya Respati', '25e97494bc2e8724c4ec572abdd5e8c3'),
('218402005', 'Hendrawan Hadi Sulistio', '938b4263f09b8b1dae8f027d06681ec9'),
('218403006', 'Asep Nur Hidayat', 'dc855efb0dc7476760afaa1b281665f1'),
('218405007', 'Hafidz Muhammad Darman', '382340485193be3f12d52a1b5744cbf2'),
('218405008', 'Dinny Fadilah', '18e54325b78c44ae453a263c88a5b934'),
('218408009', 'Muhammad Nursyam Rizal', 'd9d89fa2765270ff5cec434b1757015d'),
('218411010', 'Hasna Fauziyah', 'b83ba8dc98c5fee2a3e5906752d48e31'),
('218412011', 'Rakhmad Adi Suryanto', '5d105a978861edae03769f5edcd77630'),
('218412012', 'Risa Khoirunisa', 'a0ae2b2f9b060eeac3128f73d0b0cbaa'),
('219402001', 'Muhammad Fadhlan Afif', '4dddb215da88088596a0a52cbb87cc8b'),
('219402002', 'Okta Pianti Rahayu', '2c9cd53ffa9ae72a3ff3e8d40844e983'),
('219403003', 'Vera Rachmayanti', '4341dfaa7259082022147afd371b69c3'),
('219403004', 'Elvina Arraffi Widyanti', 'ae2f6235c4962a83dda12cea8bd582b2'),
('219404005', 'Mohammad Yazid Diratama', 'ad097d2585bc7c62fd1ed53083637aaa'),
('219406006', 'Muhammad Rizki Gorbyandinadi', '3e089c076bf1ec3a8332280ee35c28d4'),
('219406007', 'Sandy Bhawana Mulia', 'd686a53fb86a6c31fa6faa1d9333267e'),
('219406008', 'Abdur Rohman Harits Martawireja', '3d8fb62c1e332770eaddbe4950b33c51'),
('26102008', 'Leni', '9472bf3c5ce8f8df4eb2bd0b9892918a'),
('26103001', 'Rahayu Ade Irma', '759f90935580dc9cd2f5cae4ac58a264'),
('26103007', 'Rahayu Ade Irma', '46ade6c9a1b3d94ccb44095cf5e77dac'),
('27103004', 'Aldi Andrian', 'e6d0c9913b9fa61e4b18ec9215de9073'),
('94101002', 'Maman Sulaeman', 'ae80a2407a260f1e9662b90cfdad61d3'),
('99101003', 'Rusyandi', 'caf44914d726fafe06c0367b7d11f34f'),
('admin', 'Kepegawaian', '040a9e40fb0ab1520b218c19485d08ec'),
('administrator', 'administrator', 'df5c41a61d88c6296b7b4004b5a8915e'),
('aira', 'Kiki Sri Nur Endah, ST', '1398bcc4e22ed2ffa3f6f632055eef9b'),
('allan', 'Allan Alonso', 'b993e4526238d62f6b1b90e605532ff8'),
('deasy', 'Deasy Yosepha', '207775d1ee9b9efa245fd9fb6fc03b68'),
('dedi', 'Dedi', 'c5897fbcc14ddcf30dca31b2735c3d7e'),
('DenjanD', '!Creator!', 'cd7adb93ba5fb5984143c2d35f19970c'),
('hilman', 'hilman indrayanto', '6a1ff35fb5d8cba72c93cbe4f555b207'),
('huda', 'Huda', '0075a4e7a2e71083262da135ecdbdd14'),
('kartono', 'Kartono', '525f16fc6d8cf2ce4fb154dff6383e52'),
('keu', 'keu', 'ef57b36bddcc35421153b0ba1bf1b593'),
('kop001', 'Krisnawati', '03e13700e25563c0c0a8ffdb48dbbc19'),
('kop002', 'Maman Sulaeman', '6ffee7d3af984c95d72d813efda2d919'),
('kop003', 'Rahayu Ade Irma', 'c6e515af5a6de23c1c258be31fca01c8'),
('kop005', 'Isma Herdiansyah', 'b65cb932ad941c2de600ff3c5c0c9a56'),
('kop006', 'Mun Khotimah', '6585f290ce92c3de5ff339920330e26f'),
('kop007', 'Rusyandi', 'caf14ab3f1b4ca88eff4204899c37533'),
('kop008', 'Anthy Nur Ardi', '8469a367dbac4fa6c6f075036995d130'),
('kop009', 'Leni', '58cab663b27ceb8a71b6817b6e282876'),
('kop010', 'Tantri Kurniasih', '5634310c21db9524e85797b5c0db7373'),
('kop012', 'Moch. Solahudin', '5e54123710a2bb54adefff8fdc69ea68'),
('kop013', 'Dein Diana Ramdanni', '3a23bb515e06d0e944ff916e79a7775c'),
('kop014', 'Aldi Andrian', '5cf15fc7e77e85f5d525727358c0ffc9'),
('kop015', 'Nindia Retna Ulfah', 'c1689c1657c5946f292352e2b0188be4'),
('mariam', 'Mariam', '13c6cf272b6dc642b9712d5dfccc2e42'),
('mauritz', 'Fransiscus Mauritz', '82e9e12e2f8b354bfd0cc360831295d4'),
('Membawa-Sendiri', 'Membawa Sendiri', 'Tidak Bertugas'),
('OS0020610', 'Jajang Nurjaman', 'b56b57039c86f8626ece5a1a35f86175'),
('OS0030609', 'Nurhayati', '67f8ae13ab63364777f9d721bcb5bce3'),
('OS0060609', 'Hasanudin', '39af50d7373ca90114ac98b7dcff866c'),
('pd3', 'pd3', '16da1cfe8db651060bacbb34ff0d8f97'),
('rachid', 'Rachid El Khatri', '0d2ece888a960b5f0351b27fea74e747'),
('satpam', 'Satpam Polman', '0999a6dfd03b96de5dbd1e7e24254192'),
('superadmin', 'superadmin', '17c4520f6cfd1ab53d8745e84681eb49'),
('Thomas', 'Thomas Berteloot', 'c2a49574d9a282bbfc2b53978febe37e'),
('ThomasLavoisy', 'Thomas Lavoisy', 'ef6e65efc188e7dffd7335b646a85a21'),
('tita', 'Tita Oktora', '1843a91724e69f036b067183cf51c6cd'),
('yandi', 'Merizal Kris Yandie', '3c7a4227ed11e0a3f8352afbccd90ce2');

-- --------------------------------------------------------

--
-- Table structure for table `sy_user_level`
--

CREATE TABLE `sy_user_level` (
  `NO` int(11) NOT NULL,
  `user_id` char(15) DEFAULT NULL,
  `user_level` char(1) DEFAULT NULL
) ENGINE=InnoDB DEFAULT CHARSET=latin1;

--
-- Dumping data for table `sy_user_level`
--

INSERT INTO `sy_user_level` (`NO`, `user_id`, `user_level`) VALUES
(1, 'superadmin', '1'),
(2, '01401006', '6'),
(3, '01401007', '6'),
(4, '01401010', '6'),
(5, '01401017', '6'),
(6, '021303008', '6'),
(7, '10101012', '6'),
(9, '141011012', '6'),
(13, '175407007', '6'),
(14, '175408008', '6'),
(15, '175408009', '6'),
(17, '175408016', '6'),
(18, '175409020', '6'),
(19, '175411022', '6'),
(20, '175411025', '6'),
(22, '176402003', '6'),
(23, '176402004', '6'),
(24, '176402005', '6'),
(25, '176402006', '6'),
(26, '176402008', '6'),
(27, '176402009', '6'),
(29, '176403011', '6'),
(30, '176404016', '6'),
(32, '176409022', '6'),
(34, '177402010', '6'),
(35, '177402012', '6'),
(36, '177404018', '6'),
(37, '177404019', '6'),
(38, '177405021', '6'),
(39, '177408024', '6'),
(40, '177409025', '6'),
(43, '179401005', '6'),
(45, '179403008', '6'),
(46, '180401003', '6'),
(48, '180401006', '5'),
(49, '180401007', '6'),
(52, '180411015', '6'),
(53, '181401001', '5'),
(54, '181401002', '6'),
(55, '181401004', '6'),
(56, '181401008', '6'),
(57, '181401012', '6'),
(58, '181404016', '6'),
(59, '181408020', '6'),
(60, '182401001', '5'),
(61, '182406012', '6'),
(62, '182407017', '6'),
(63, '183404001', '6'),
(65, '183407005', '6'),
(67, '183407007', '6'),
(68, '183407008', '6'),
(69, '183408010', '6'),
(71, '184404002', '5'),
(72, '184407008', '5'),
(73, '184409019', '6'),
(74, '184411021', '6'),
(75, '185408012', '6'),
(76, '185409014', '3'),
(77, '186403001', '5'),
(78, '186403002', '6'),
(79, '186404003', '6'),
(80, '186404004', '5'),
(81, '186404005', '6'),
(82, '186404008', '6'),
(83, '186409013', '6'),
(84, '187401003', '6'),
(85, '187401005', '6'),
(86, '187407010', '6'),
(87, '187407011', '6'),
(88, '187408014', '6'),
(89, '187409018', '5'),
(90, '187410019', '6'),
(91, '187410020', '3'),
(92, '187410021', '6'),
(93, '187411023', '6'),
(94, '187411025', '6'),
(95, '187412027', '6'),
(96, '188401030', '6'),
(97, '188401031', '6'),
(98, '188403032', '5'),
(99, '188406033', '6'),
(100, '188407035', '6'),
(101, '188408036', '6'),
(103, '188411039', '6'),
(104, '188411041', '6'),
(105, '188411042', '6'),
(106, '188411043', '6'),
(107, '189403004', '6'),
(108, '189403005', '6'),
(109, '189403006', '6'),
(110, '189403007', '6'),
(111, '189404009', '6'),
(112, '189406010', '5'),
(113, '189409011', '6'),
(114, '189409012', '6'),
(115, '189409013', '6'),
(116, '189409015', '6'),
(117, '189409016', '6'),
(118, '189410018', '3'),
(119, '189411019', '6'),
(120, '189411020', '6'),
(121, '189411021', '5'),
(122, '189411022', '6'),
(123, '189411024', '6'),
(124, '189411025', '6'),
(125, '190401001', '6'),
(126, '190401002', '6'),
(127, '190401003', '6'),
(128, '190401004', '6'),
(129, '190401006', '3'),
(130, '190401008', '6'),
(131, '190402010', '6'),
(132, '190404012', '6'),
(133, '190404013', '6'),
(134, '190404014', '6'),
(135, '190404015', '6'),
(136, '190405016', '6'),
(137, '190407017', '6'),
(138, '190407018', '6'),
(139, '190408019', '6'),
(140, '190410027', '6'),
(141, '190410029', '6'),
(142, '190411030', '6'),
(143, '191408034', '6'),
(144, '191409035', '6'),
(145, '191409036', '6'),
(146, '191410009', '6'),
(147, '191410039', '5'),
(148, '191410040', '6'),
(149, '191410042', '5'),
(150, '191410043', '6'),
(151, '191412044', '6'),
(152, '192401001', '6'),
(153, '192401002', '6'),
(154, '192403004', '6'),
(155, '192409010', '6'),
(156, '192409011', '6'),
(157, '192409012', '5'),
(158, '192409013', '5'),
(159, '192409015', '6'),
(160, '192411019', '6'),
(161, '193401001', '6'),
(162, '193401002', '6'),
(163, '193401005', '6'),
(164, '193403006', '6'),
(165, '193408008', '6'),
(166, '193408010', '6'),
(167, '193410018', '5'),
(168, '193410020', '6'),
(169, '194401002', '6'),
(170, '194402004', '5'),
(171, '194402005', '1'),
(172, '194407009', '6'),
(173, '194407011', '6'),
(174, '194407013', '6'),
(175, '194408014', '6'),
(176, '194409016', '5'),
(177, '194410017', '6'),
(178, '194410019', '6'),
(179, '194410020', '6'),
(180, '194410021', '6'),
(181, '194410022', '6'),
(182, '195401001', '6'),
(183, '195401002', '6'),
(184, '195404004', '6'),
(185, '195404005', '6'),
(186, '195411007', '6'),
(187, '195411008', '6'),
(188, '196401001', '3'),
(189, '196406005', '5'),
(190, '196406006', '6'),
(191, '196409007', '6'),
(192, '196409008', '6'),
(193, '196410010', '6'),
(194, '196410011', '6'),
(195, '196410012', '6'),
(196, '196410013', '5'),
(197, '196412016', '6'),
(198, '197401001', '6'),
(199, '197402003', '6'),
(200, '197403004', '6'),
(201, '197403005', '6'),
(202, '197406006', '6'),
(203, '197406007', '6'),
(204, '197406008', '6'),
(205, '197407009', '6'),
(207, '197407011', '5'),
(208, '197407012', '2'),
(209, '197407013', '6'),
(210, '197407014', '6'),
(211, '197408015', '6'),
(212, '197408016', '5'),
(213, '197409017', '6'),
(214, '197409018', '6'),
(215, '197409020', '6'),
(217, '197410022', '6'),
(218, '197410023', '6'),
(219, '197410024', '6'),
(220, '197410025', '6'),
(221, '197410026', '5'),
(222, '197410027', '6'),
(223, '197410028', '6'),
(224, '197410029', '6'),
(225, '197411031', '6'),
(226, '197411033', '5'),
(227, '197411034', '5'),
(228, '197411035', '6'),
(229, '197411037', '6'),
(230, '197411038', '7'),
(231, '197412039', '6'),
(232, '198403001', '6'),
(233, '198405002', '6'),
(234, '198407003', '6'),
(235, '198408004', '6'),
(236, '198410005', '6'),
(237, '198410006', '6'),
(238, '198410007', '6'),
(239, '198410008', '6'),
(240, '198410009', '6'),
(241, '198410010', '6'),
(242, '198410011', '6'),
(243, '198411012', '6'),
(244, '198411013', '6'),
(245, '198411014', '6'),
(246, '198411015', '6'),
(247, '198411016', '6'),
(248, '199402001', '6'),
(250, '199410003', '6'),
(251, '199410004', '6'),
(252, '199411005', '5'),
(253, '199411006', '6'),
(255, '199411008', '6'),
(256, '199411009', '5'),
(257, '199411010', '5'),
(258, '199411011', '6'),
(259, '199411214', '6'),
(260, '199412012', '6'),
(261, '199412013', '6'),
(262, '199412014', '6'),
(263, '2000000', '6'),
(264, '200301001', '6'),
(265, '200301002', '6'),
(266, '200402001', '6'),
(267, '200405003', '6'),
(268, '200407002', '6'),
(269, '200407004', '7'),
(270, '200407005', '6'),
(271, '200409006', '6'),
(272, '200409007', '6'),
(273, '200410008', '6'),
(274, '200410009', '6'),
(275, '200410010', '6'),
(276, '200411011', '6'),
(277, '20102004', '6'),
(278, '20103005', '6'),
(279, '20103006', '6'),
(280, '201310001', '6'),
(281, '201310002', '6'),
(282, '201310003', '6'),
(283, '201310004', '6'),
(284, '201310005', '6'),
(285, '201311001', '6'),
(287, '201401001', '6'),
(288, '201401002', '6'),
(289, '201403003', '6'),
(290, '201403004', '6'),
(291, '201409005', '6'),
(292, '201410006', '6'),
(293, '201410007', '6'),
(294, '201410008', '6'),
(295, '20141109', '6'),
(296, '201412010', '6'),
(297, '201412011', '6'),
(298, '201412012', '6'),
(299, '201412013', '6'),
(300, '201412014', '6'),
(301, '2014311003', '6'),
(302, '2014311007', '6'),
(304, '2014312004', '6'),
(305, '2014313014', '6'),
(306, '2014313039', '6'),
(307, '202401001', '6'),
(308, '202401002', '6'),
(309, '202402003', '6'),
(310, '202402004', '6'),
(311, '202402005', '6'),
(312, '202402006', '6'),
(313, '202405007', '6'),
(314, '202410008', '5'),
(315, '202410009', '3'),
(316, '202410010', '6'),
(317, '202410011', '6'),
(318, '203401001', '6'),
(319, '203401002', '6'),
(320, '203401003', '6'),
(321, '203401004', '6'),
(322, '203410005', '5'),
(323, '204401001', '6'),
(324, '204401002', '6'),
(325, '204401003', '6'),
(326, '204405004', '6'),
(327, '205401001', '6'),
(328, '205401002', '6'),
(330, '205401004', '6'),
(331, '205401005', '5'),
(332, '205401006', '6'),
(333, '205401007', '6'),
(334, '205401008', '5'),
(335, '205403009', '6'),
(336, '205403010', '6'),
(337, '205403014', '6'),
(338, '205404011', '6'),
(340, '205404013', '6'),
(341, '205412014', '6'),
(342, '206404001', '6'),
(343, '206404002', '6'),
(344, '206411003', '6'),
(345, '206412004', '6'),
(346, '206412005', '6'),
(347, '207401001', '6'),
(348, '207401002', '6'),
(349, '207403001', '6'),
(350, '207403004', '6'),
(351, '207403005', '6'),
(352, '207406007', '6'),
(353, '207407007', '6'),
(354, '207409008', '6'),
(355, '207409009', '6'),
(356, '207409010', '6'),
(357, '207409011', '6'),
(358, '207411012', '6'),
(359, '207411013', '6'),
(360, '207411014', '6'),
(361, '207411015', '6'),
(362, '208309005', '6'),
(363, '208401001', '6'),
(364, '208402002', '6'),
(365, '208411003', '6'),
(366, '208411004', '6'),
(367, '208411005', '6'),
(368, '208411006', '6'),
(369, '208501001', '6'),
(370, '208504002', '7'),
(371, '209401001', '6'),
(372, '209401002', '6'),
(373, '209403003', '6'),
(374, '209403004', '6'),
(375, '209403005', '6'),
(376, '209403006', '7'),
(377, '209403007', '7'),
(378, '209403008', '6'),
(379, '209408009', '6'),
(380, '209411010', '6'),
(381, '209412011', '6'),
(383, '210132005', '6'),
(384, '210132010', '6'),
(385, '210132011', '6'),
(386, '210132012', '6'),
(387, '210132015', '6'),
(388, '210132019', '6'),
(390, '210135002', '6'),
(391, '210135003', '6'),
(392, '210135004', '6'),
(393, '210135005', '6'),
(394, '210135006', '6'),
(395, '210135007', '6'),
(396, '210135008', '6'),
(397, '210135010', '6'),
(398, '210135011', '6'),
(399, '210135012', '6'),
(400, '210135013', '6'),
(401, '210135014', '6'),
(402, '210135015', '6'),
(403, '210135016', '6'),
(404, '210135017', '6'),
(405, '210135018', '6'),
(406, '210135019', '6'),
(407, '210135020', '6'),
(408, '210135021', '6'),
(409, '210135022', '6'),
(410, '210135023', '6'),
(411, '210135024', '6'),
(412, '210302003', '6'),
(413, '210302005', '6'),
(414, '210342008', '6'),
(415, '210342009', '6'),
(416, '210342013', '6'),
(417, '210342017', '6'),
(418, '210342021', '6'),
(419, '210342022', '6'),
(420, '210401001', '6'),
(421, '210401002', '6'),
(422, '210401003', '6'),
(423, '210401004', '6'),
(424, '210401005', '6'),
(425, '210401006', '6'),
(426, '210401007', '6'),
(427, '210401008', '6'),
(428, '210401009', '6'),
(429, '210402010', '6'),
(430, '210402011', '6'),
(431, '210402012', '6'),
(432, '210403013', '6'),
(433, '210403014', '6'),
(434, '210406015', '6'),
(435, '210410016', '6'),
(437, '210410018', '6'),
(439, '211313010', '6'),
(440, '211313041', '6'),
(441, '211313043', '6'),
(442, '211313044', '6'),
(443, '21132005', '6'),
(444, '21132015', '6'),
(445, '21132020', '6'),
(446, '21132022', '6'),
(449, '211322005', '6'),
(450, '211322006', '6'),
(451, '211322012', '6'),
(452, '211322014', '6'),
(453, '211322017', '6'),
(454, '211322020', '6'),
(455, '211322024', '6'),
(457, '211331006', '6'),
(458, '211331007', '6'),
(459, '211331008', '6'),
(460, '211331010', '6'),
(461, '211331017', '6'),
(462, '211331022', '6'),
(463, '211331023', '6'),
(464, '211331028', '6'),
(465, '211331032', '6'),
(467, '211341071', '6'),
(468, '211401001', '6'),
(470, '211404003', '6'),
(471, '211404004', '6'),
(472, '211407005', '6'),
(473, '211407006', '6'),
(474, '211408007', '6'),
(475, '211408008', '6'),
(476, '212301001', '6'),
(477, '212301002', '6'),
(478, '212301003', '6'),
(479, '212301004', '6'),
(481, '212301007', '6'),
(483, '212301010', '6'),
(484, '212301012', '6'),
(485, '212301013', '6'),
(486, '212301014', '6'),
(487, '212301015', '6'),
(488, '212301016', '6'),
(489, '212301017', '6'),
(490, '212301018', '6'),
(491, '212301020', '6'),
(492, '212301025', '6'),
(493, '212301026', '6'),
(494, '212301027', '6'),
(495, '212301028', '6'),
(497, '212301031', '6'),
(498, '212301034', '6'),
(499, '212301035', '6'),
(501, '212301037', '6'),
(503, '212301041', '6'),
(504, '212301042', '6'),
(505, '212301043', '6'),
(506, '212301046', '6'),
(507, '212301048', '6'),
(508, '212301052', '6'),
(509, '212301054', '6'),
(510, '212301064', '6'),
(511, '212301066', '6'),
(512, '212301068', '6'),
(513, '212301078', '6'),
(514, '212309001', '6'),
(515, '212401001', '6'),
(516, '212401002', '6'),
(517, '212401003', '6'),
(518, '212401004', '6'),
(519, '212401005', '6'),
(520, '212401006', '6'),
(521, '212401007', '6'),
(522, '212403008', '6'),
(524, '21303004', '6'),
(525, '21303005', '6'),
(526, '21303007', '6'),
(527, '21303012', '6'),
(528, '21303013', '6'),
(529, '21303015', '6'),
(530, '21303016', '6'),
(531, '21303017', '6'),
(532, '21303018', '6'),
(533, '21303021', '6'),
(535, '21303026', '6'),
(536, '21303027', '6'),
(538, '21303029', '6'),
(539, '21303030', '6'),
(540, '213030327', '6'),
(541, '21306001', '6'),
(542, '21306002', '6'),
(543, '21306003', '6'),
(544, '21306004', '6'),
(545, '21307001', '6'),
(546, '21307002', '6'),
(547, '21307003', '6'),
(549, '21307005', '6'),
(551, '21308001', '6'),
(552, '21308002', '6'),
(554, '21308004', '6'),
(555, '21309001', '6'),
(556, '21309002', '6'),
(557, '21310001', '6'),
(558, '21311001', '6'),
(559, '21311002', '6'),
(560, '21311003', '6'),
(561, '21312001', '6'),
(562, '21312002', '6'),
(563, '213301001', '6'),
(565, '213302002', '6'),
(566, '213303001', '6'),
(568, '213321010', '6'),
(569, '213402001', '6'),
(570, '213402002', '6'),
(571, '213402003', '6'),
(572, '213501011', '6'),
(573, '213501012', '6'),
(574, '213501013', '6'),
(575, '213501015', '6'),
(576, '21409001', '6'),
(577, '21409002', '6'),
(578, '214321002', '6'),
(579, '214321003', '6'),
(580, '214321012', '6'),
(581, '214321015', '6'),
(582, '214402001', '6'),
(583, '214406001', '6'),
(584, '214406002', '6'),
(585, '214406003', '6'),
(586, '214406004', '6'),
(587, '214406005', '6'),
(588, '214406006', '6'),
(589, '214406007', '6'),
(590, '214407008', '6'),
(591, '214407009', '6'),
(592, '214407010', '6'),
(593, '214410011', '6'),
(594, '214411012', '6'),
(595, '214411015', '6'),
(596, '214601001', '6'),
(597, '214601002', '6'),
(598, '214601003', '6'),
(599, '214601004', '6'),
(600, '214601005', '6'),
(601, '214602006', '6'),
(602, '214602007', '6'),
(603, '214602008', '6'),
(604, '214602009', '6'),
(605, '214603010', '6'),
(606, '214603011', '6'),
(607, '214603012', '6'),
(609, '214603014', '6'),
(610, '214605015', '6'),
(611, '214605016', '6'),
(612, '214605017', '6'),
(613, '214605018', '6'),
(614, '214605019', '6'),
(615, '214606017', '6'),
(616, '214607019', '6'),
(617, '214607020', '6'),
(618, '214608021', '6'),
(619, '214608022', '6'),
(620, '214611023', '6'),
(621, '214611024', '6'),
(622, '214611025', '6'),
(623, '214612025', '6'),
(624, '215301001', '6'),
(625, '215301002', '6'),
(626, '215301003', '6'),
(627, '215301004', '6'),
(628, '215301005', '6'),
(629, '215301006', '6'),
(630, '215301007', '6'),
(631, '215308001', '6'),
(632, '215313019', '6'),
(633, '215321013', '6'),
(634, '215322002', '6'),
(635, '215322004', '6'),
(636, '215322010', '6'),
(637, '215401001', '6'),
(638, '215403001', '7'),
(639, '215411017', '6'),
(640, '215411940', '6'),
(641, '215412002', '6'),
(642, '215421914', '6'),
(643, '215431915', '6'),
(644, '215601001', '6'),
(645, '215609002', '6'),
(646, '216301001', '6'),
(647, '216309001', '6'),
(648, '216310002', '6'),
(649, '216322014', '6'),
(650, '216322016', '6'),
(651, '216410001', '6'),
(652, '216410002', '6'),
(653, '216411003', '6'),
(654, '216411004', '6'),
(655, '216412005', '6'),
(656, '216412006', '6'),
(657, '216412007', '6'),
(659, '217407002', '6'),
(660, '217409003', '6'),
(661, '217410004', '6'),
(662, '218401001', '6'),
(663, '218401002', '6'),
(664, '218402003', '6'),
(665, '218402004', '6'),
(666, '218402005', '6'),
(667, '218403006', '7'),
(668, '218405007', '6'),
(669, '218405008', '6'),
(670, '218408009', '6'),
(671, '218411010', '6'),
(672, '218412011', '6'),
(673, '218412012', '6'),
(674, '219402001', '6'),
(675, '219402002', '6'),
(676, '219403003', '6'),
(677, '219403004', '6'),
(678, '219404005', '6'),
(679, '219406006', '6'),
(680, '219406007', '6'),
(681, '219406008', '6'),
(682, '26102008', '6'),
(683, '26103001', '6'),
(684, '26103007', '6'),
(685, '27103004', '6'),
(686, '94101002', '6'),
(687, '99101003', '6'),
(688, 'admin', '6'),
(689, 'administrator', '6'),
(690, 'aira', '6'),
(691, 'allan', '6'),
(692, 'deasy', '6'),
(693, 'dedi', '6'),
(694, 'hilman', '6'),
(695, 'huda', '6'),
(696, 'kartono', '6'),
(697, 'keu', '6'),
(698, 'kop001', '6'),
(699, 'kop002', '6'),
(700, 'kop003', '6'),
(702, 'kop005', '6'),
(703, 'kop006', '6'),
(704, 'kop007', '6'),
(705, 'kop008', '6'),
(706, 'kop009', '6'),
(707, 'kop010', '6'),
(709, 'kop012', '6'),
(710, 'kop013', '6'),
(711, 'kop014', '6'),
(712, 'kop015', '6'),
(713, 'mariam', '6'),
(714, 'mauritz', '6'),
(715, 'OS0020610', '6'),
(716, 'OS0030609', '6'),
(717, 'OS0060609', '6'),
(718, 'pd3', '6'),
(719, 'rachid', '6'),
(720, 'Thomas', '6'),
(721, 'ThomasLavoisy', '6'),
(722, 'tita', '6'),
(723, 'yandi', '6'),
(724, 'satpam', '8'),
(725, 'DenjanD', '0');

-- --------------------------------------------------------

--
-- Table structure for table `tb_master_kendaraan`
--

CREATE TABLE `tb_master_kendaraan` (
  `id_kendaraan` char(4) NOT NULL,
  `nama_kendaraan` varchar(50) DEFAULT NULL,
  `status` enum('Tersedia','Tidak Tersedia') DEFAULT NULL,
  `jenis_kendaraan` enum('SUV','SEDAN','MPV','MINIBUS','TRUCK','SEPEDA MOTOR') DEFAULT NULL,
  `thn_keluaran` year(4) DEFAULT NULL,
  `tgl_pajak` date DEFAULT NULL,
  `tgl_masaberlaku` date DEFAULT NULL,
  `no_polisi` char(8) DEFAULT NULL,
  `jumlah_km` int(10) DEFAULT NULL
) ENGINE=InnoDB DEFAULT CHARSET=latin1;

--
-- Dumping data for table `tb_master_kendaraan`
--

INSERT INTO `tb_master_kendaraan` (`id_kendaraan`, `nama_kendaraan`, `status`, `jenis_kendaraan`, `thn_keluaran`, `tgl_pajak`, `tgl_masaberlaku`, `no_polisi`, `jumlah_km`) VALUES
('P-01', 'Toyota Fortuner', 'Tersedia', 'SUV', 2015, '2015-07-08', '2020-07-08', 'D 1114 F', 0),
('P-02', 'Toyota Inova', 'Tersedia', 'MPV', 2015, '2015-07-08', '2020-07-08', 'D 1110 F', 0),
('P-03', 'Toyota Inova', 'Tersedia', 'MPV', 2015, '2015-07-08', '2020-07-08', 'D 1115 F', 0),
('P-04', 'Toyota Avanza', 'Tersedia', 'MPV', 2015, '2015-07-08', '2020-07-08', 'D 1113 F', 24124),
('P-05', 'Toyota Avanza', 'Tersedia', 'MPV', 2015, '2015-07-09', '2020-07-09', 'D 1117 F', 0),
('P-06', 'Toyota Avanza Silver', 'Tersedia', 'MPV', 2004, '2019-11-11', '2023-11-11', 'D 1248 F', 0),
('P-07', 'Isuzu Panther Touring', 'Tersedia', NULL, 2006, '2018-01-19', '2022-01-19', 'D 1877 D', 5231),
('P-08', 'Isuzu Elf Abu', 'Tersedia', 'MINIBUS', 2003, '2019-01-26', '2024-01-26', 'D 8242 B', 0),
('P-09', 'Isuzu Elf Silver', 'Tersedia', 'MINIBUS', 2011, '2017-01-19', '2021-11-01', 'D 7079 C', 800),
('P-10', 'Daihatsu Granmax', 'Tersedia', 'MINIBUS', 2009, '2014-11-03', '2019-11-03', 'D 8503 C', 0);

-- --------------------------------------------------------

--
-- Table structure for table `tb_master_pegawai`
--

CREATE TABLE `tb_master_pegawai` (
  `ID` char(15) NOT NULL,
  `NIP` char(20) DEFAULT NULL,
  `NAMA` varchar(37) CHARACTER SET utf8 DEFAULT NULL,
  `PASSWORD` varchar(32) CHARACTER SET utf8 DEFAULT NULL,
  `ALAMAT` varchar(156) CHARACTER SET utf8 DEFAULT NULL,
  `TELPON` varchar(14) CHARACTER SET utf8 DEFAULT NULL,
  `KELAMIN` varchar(1) CHARACTER SET utf8 DEFAULT NULL,
  `ASALUNIT` char(2) DEFAULT NULL,
  `NAMAJABATAN` varchar(50) CHARACTER SET utf8 DEFAULT NULL
) ENGINE=InnoDB DEFAULT CHARSET=latin1;

--
-- Dumping data for table `tb_master_pegawai`
--

INSERT INTO `tb_master_pegawai` (`ID`, `NIP`, `NAMA`, `PASSWORD`, `ALAMAT`, `TELPON`, `KELAMIN`, `ASALUNIT`, `NAMAJABATAN`) VALUES
('178401004', '195709101981031002', 'Suyono', '021206c966f42c1c4a52471a25bef194', 'Jl. Melati Raya E20 No. 36, Pasirjati, Ujung Berung Kab. Bandung ', NULL, 'L', '3', '(Binary/Image)'),
('180401003', '195510161986121001', 'Adies Rahman', '0953173a2418895c0c5747cec2b8d24e', 'Jl. Sukawargi  19. Cicaheum. Bandung', '7277623', 'L', '6', 'Ka. Laboratorium Perancangan dan Kontruksi'),
('181401002', '195701311991021001', 'Dindin Sulaeman', '788ad7091c4e500855fcf4e3cb1bda29', 'Kpl. Antapani Jl.Pamekasan No.30. Bandung - 40291', '7100606', 'L', '3', 'Ka.Lab. Komputasi Kontrol Mesin & Sistem Informasi'),
('181401012', '195904191984011001', 'R. Widodo', '313fabad2d80970af05f9182d5f1e3d1', 'Jl. Rakata No.23 Bandung 40113', '4207749', 'L', '7', 'Asisten Ahli'),
('182407017', '196001101985031005', 'Gamawan Ananto Soebekti', '8f241380bd05cdeaea54c25f62ad2ab5', 'Jl. Margahayu Raya Barat U2/160 RT.001 RW.007, Kel.Sekejati, Kec.Buah Batu, Bandung  Gamawan Ananto Soebekti', '2500262', 'L', '3', 'Sekretaris Perencanaan dan Pengendalian Produksi'),
('183404001', '196207291989032001', 'Yati Yulia', '1a3de730b78358fdd87727f123245162', 'Jl. Pesantren Perum Bumi Prima Garden No.E-16.RT 04 RW 22 KEL Cibabat kec. Cimahi Utara, Cimahi ', '0226611543', 'P', '9', 'Pemroses Mutasi/Kepegawaian'),
('183407005', '196008081985031007', 'Agus Surjana Saefudin', '90ec46864daa32d55d823291a0b3c2b5', 'Jl.Cijawura Girang V.  Kompl. CGE No. A-25.Soekarno Hatta RT 13 RW 03  Bandung', '7508052', 'L', '3', 'PENYELIA KEPALA'),
('183407007', '196001031985031002', 'Iwan Gunawan', '0abb686c8e8317e6735f5731908ed25a', 'Jl. Dago Barat No. 43 Rt 8 Rw 5 Bandung', NULL, 'L', '3', 'Sekretaris Bid. Pendidikan Teknik Manufaktur'),
('184404002', '195603051989032001', 'Fatonah', '74573bbdae15b54892ef08ba641278a6', 'Jl. Pelesiran No.67. Bandung', '2030007', 'P', '34', 'Ka. Kantor Urusan Internasional'),
('184407008', '196005091988031004', 'Darman', 'fb6e7c1d88a6beaaf2eb3bc6fcd6be9e', 'KOMP Cigadung Geen Land K 32 RT 02 RW 09  Kel.Cigadung', '2514621', 'L', '3', 'Ka. Prog. Studi Pemeliharaan Mesin Diploma Tiga'),
('184409019', '196111201988031003', 'Hartono Widjaja', 'b526704a7554d101f27cce3a78fe1d6c', 'KOMPLEKS SADANG INDAH NO 14,BANDUNG', NULL, 'L', '3', 'Ka. Laboratorium Teknik Pembuatan Perkakas Presisi'),
('185408012', '196405071992011001', 'Iwan Harianton', '01ccce480c60fcdb67b54f4509ffdb56', 'Jl.Cidurian Baru No. 16 Bandung - 40286 RT 009 RW 06 Jatisari, Kec. Buahbatu', '7310754', 'L', '3', 'Wakil Manajemen Mutu'),
('185409014', '196207101989031004', 'Otto Purnawarman', 'daa6b8d04ce72d953d5501adc53ddd82', 'Jl.Tutwuri Utara 85 RT. 05/ RW.02 Citeureup', '-', 'L', '14', 'Wakil Direktur IV Bid. Penelitian'),
('186403001', '196206141989031002', 'Dadan Heryada Wigenaputra', 'fd68e8922a6705a916b19669fb356cce', 'Puri Cipageran Indah 1 Blok G 65 - 66 Cimahi', '022 6642449', 'L', '6', 'Ka. Jurusan Teknik Perancangan Manufaktur '),
('186403002', '196206261988031003', 'Mohamad Fauzi', '0bd9897bf12294ce35fdc0e21065c8a7', 'Ligar Melati Dalam Kav.22 Bukit Ligar. RT 5/23. Kel.Cibeunying.Kec.Cimenyan', '022 2511139', 'L', '3', 'Ka. Laboratorium Pemeliharaan dan Perbaikan Mesin'),
('186404004', '196407131989031006', 'Edi Suherdi', 'e23691373d62772ed87937a321e2106d', 'Taman Bukit Cibogo Blok A7/68. Kel. Leuwigajah. Cimahi Selatan', '022 86690272', 'L', '17', 'Teknisi Laboratorium'),
('186404005', '196605231989031002', 'Harry Purnomo', '3b87c97d15e8eb11e51aa25e9a5770e9', 'Jl. Kebon Gedang 7 RT03/07. No. 255/126D. Bandung RT 03/RW 07, Kelurahan Maleer Bandung, Kecamatan Batununggal', NULL, 'L', '7', 'PLP Penyelia '),
('186404008', '196603191989031001', 'Yoseph Andriyanto', 'b34e38dc4f8571cc80b8916096edf652', 'Taman Bukit Cibogo Blok XI No. 18 RT 05 Leuwigajah Cimahi Selatan', NULL, 'L', '3', '(Binary/Image)'),
('186409013', '196407271989031003', 'Akil Priyamanggala Danadibrata', '6ea28bca3188f4e2934b6caf1dae1a0f', 'Jl.Wijayakusumah I no. A 52/30 RT 002 RW 007 Cijambe Indah. Pasir Endah. Ujungberung', NULL, 'L', '3', 'Ka. Laboratorium CAD / CAM / CNC'),
('187401005', '195905141990031004', 'Endang Hapid', '7565a1fb1ffd44d62ba851ce3540b5e4', 'Jl.Cigadung Raya Barat no. 65 RT03/03 Kel. Cigadung Kec. Cibeunying Kodya Bandung', '022 92866356', 'L', '29', 'PELAKSANAAN PRODUKSI CETAKAN MESIN'),
('187407011', '196209021989031002', 'Solihin', 'e2a85d4770703e3d62571f18d3ede236', 'Jl. Sangkuriang Dalam RT03/RW12 Kel Dago Kec. Coblong Bandung', '022 91618108', 'L', '23', '(Binary/Image)'),
('187408014', '196407101989032001', 'Happy Wahyuwidianti, S.AB', 'c6cfbbec65ab196f247bbfc6a8edd50b', 'Jl Cilengkrang I Ujung Berung Cibiru Bandung Timur  40615  Jl. Kebon Bibit Tengah 24b  Bandung 40116', '022 70011013', 'P', '18', 'Pengadministrasi/Perpustakaan'),
('187409018', '196508091994031001', 'Wiwik Purwadi', '0fd1ec5593cd341c7c4af53276f10be6', 'Kpl.Bukit Indah Pasanggrahan Blok G-15. Ujung Berung. RT 2/11', '2004584', 'L', '7', 'Ka. Unit Layanan Pengadaan Barang & Jasa'),
('187410020', '196510141989031002', 'Ruminto Subekti', '252516c813c397deea09c26fd4535afa', 'JL. Ligar Melati Dalam Kav 19 Bandung', '2515585', 'L', '14', 'Wakil Direktur III Bidang Kemahasiswaan'),
('187411023', '196507051989031002', 'Yayu Wahyudin', '16b580503db6f44c9307bb67a105bf6e', 'Kamp. Bojong Koneng no. 34 RT 02 RW 13 Ds. Ranca Manyar Kec. Bale Endah Kab. Bandung', NULL, 'L', '3', '(Binary/Image)'),
('187411025', '196209281989031001', 'Yaya Supriatna', 'f936e6010fec57ff2f73e9e97cf98b55', 'Jl. Harapan Asri V Blok Aa 16/32 RT 04/RW 16 (Komp. Bumi harapan) Cibiru Kab bandung', NULL, 'L', '3', 'PLP Penyelia'),
('188401030', '196612161989031001', 'Yuyun Solihin', '525650a65f97e3d7c95e6a0ffc01e685', 'Bojong Kacor No. 14B RT 05/RW 12 Kel. Cibeunying Kec. Cimenyan Kab.Bandung', NULL, 'L', '3', '(Binary/Image)'),
('188401031', '196512201989031002', 'Ade Purnama', '287d589c6d3e0f856eb458a37a2e913f', 'Kpl. Taman Bukit Cibogo Blok A8. No.26 RT 04/RW 17 Leuwigajah. Cimahi Selatan, Kota Cimahi', '86690274', 'L', '3', 'PLP Penyelia '),
('188403032', '196011011989031001', 'M. Ali Suparman', '86318e52f5ed4801abe1d13d509443de', 'Komp.Bumi Sariwangi Blok E No. 16 Terusan Gegerkalong Hilir, Bandung 40559', '-56013692', 'L', '3', 'Ka. Prog. Studi Teknologi Rekayasa Manufaktur'),
('188406033', '196807131990031002', 'Sana', '5e5c4b421fa8b80390d5396ed40b2df1', 'Jl. Cigadung Raya Barat No. 80, RT 02/ RW 02 Cipaheut Kaler', '2514174', 'L', '22', 'Pengadministrasi/Umum'),
('188408036', '196701171990031004', 'Suharyadi Pancono', '52929edfc838f05f4949b967b3664557', 'Jl. Cibaligo Permai 80 Ds. Cihanjuang, Kec. Parongpong Kab Bandung Barat', '022 6654233', 'L', '5', 'Ka. Laboratorium Manufaktur Mekatronika '),
('188411041', '196205241995121001', 'Teddi Gumilar', 'aa54672bcae05048ca0528e19d42ec4c', 'Jl. Sukagalih Gg. H. Gojali No. 2C RT 04/05 Kel. Cipedes Kec. Sukajadi - Bandung', NULL, 'L', '3', 'PLP Penyelia'),
('188411042', '196710241996031002', 'Ahmad Yani', '61243c7b9a4022cb3f8dc3106767ed12', '1. Jl. Sukajadi Gg. Marjaban No.52 RT 06/04 Bandung 40162  2. Jl. Raya Buni Jaya Ds. Buni jaya kec. G. Halu, Kamp. Babakan RT 02/05 kab. bandung Barat 40565', NULL, 'L', '3', 'PLP Pertama '),
('188411043', '196507311996031001', 'Sujana', 'c3ef50431d8138a58471970583bf670c', 'Perum Bukit Pancir Indah Blok A22 RT 01 RW 18 Ds, Jelegong Kec. Kutawaringin', NULL, 'L', '3', 'PLP Pertama'),
('189403004', '196706262001121001', 'Rusmana', 'eddf5980889cc3b8cf950110c688c4a9', 'Dago Tengah No.32 / 159 B (Ir. H. Juanda) Bandung RT 07/05', NULL, 'L', '17', 'PLP Pelaksana'),
('189403005', '196808051997031001', 'Sukiman', '6a45c0297ea1b2ae0e7e2259db48c05b', 'Jl. Jayagiri No. 200 KP Genteng RT 04/RW 07 Lembang', NULL, 'L', '7', 'PLP Pelaksana Lanjutan'),
('189403007', '196603281999031001', 'Muhsin', '488d0f33831e89eca50e47d50939e925', 'DSN GUDANG NO 40 RT 001 RW 003 DS. GUDANG KEC. TANJUNGSARI,SUMEDANG', NULL, 'L', '7', 'PLP Penyelia'),
('189406010', '196202171999031001', 'Yoyok Setiyo Pamuji', 'd9afad7df806ab5ab509e14dcef87f10', 'Jl. Emung NO 71/36 B BANDUNG', '022 82524015', 'L', '13', 'Kabag Administrasi Akademik Kemahasiswaan & APSI'),
('189409012', '196707011992031001', 'Heri Setiawan', '6812af90c6a1bbec134e323d7e70587b', 'Jl.Turangga Timur NO 09/115 RT 004 RW 009 Kel.Lingkar Selatan Kec.Lengkong,Bandung', '0227210675', 'L', '3', ' Ka.Lab.Pengukuran & Pengendalian Kualitas & Tool '),
('189409015', '196803211991031004', 'Kurniawan', '16ca55b4f29157780eabc6244f49d442', 'Jl.Bukit II no. 8. Kpl.Bukit Sariwangi. Kec.Parongpong. Kab. Bandung', NULL, 'L', '6', 'Asisten Ahli'),
('189409016', '196610091992031002', 'Bayu Pratama Adikara', 'a430e06de5ce438d499c2e4063d60fd6', 'Jl. Bukit III No.10 Bukit Sariwangi Ciwaruga Desa Sariwangi Kec. Parongpong', NULL, 'L', '6', 'Ka. Laboratorium Rekayasa dan Pengembangan Produk'),
('189410018', '196711251992031002', 'Novi Saksono Brodjo Muhadi', '832f72b7a13b2cedcfb108603a10e2a6', 'Jl. Dago Timur I No. 1 Bandung', '2505082', 'L', '14', 'Wakil Direktur II Bidang Adm. Umum & Keuangan'),
('189411019', '196309061992011001', 'Reza Yadi Hidayat', '63b653c23313e9a6bbeaffb3439acaaf', 'Perum Pranaya. Jl. Parakan Saat Blok II No.26. RT 0 1 RW 010 KEC Arcamanik,Bandung', '7320569', 'L', '7', 'Koordinator Pelaksanaan Kontrol Kualitas, Eng. Per'),
('189411020', '196301011992011001', 'Casiman', '22cd9a74a777e741e9e50aa298a5606e', 'Jl. Pada Asri No.1. Kpl. Bumiasri IV. Padasuka. RT 004 RW 005, Bandung', '7101646', 'L', '7', 'Asisten Ahli'),
('189411021', '196306101992011001', 'Mohammad Nurdin', '7ddbde64a6c6ccadbc53b576fde9e54e', 'Jl. Ligar Melati Dalam Kav. 31 Bukit Ligar, Bandung', '2515180', 'L', '7', 'Ka. Satuan Pengawasan Internal'),
('189411022', '196408171992011001', 'Mohammad Nur Hidajatullah', 'b55178b011bfb206965f2638d0f87047', 'Jl. Ligar Melati A-12 RT 05/23 Bandung  ', '2515501', 'L', '7', 'Ka. Laboratorium Pengecoran Logam'),
('189411025', '197001262001121001', 'Tatang Supriatna', 'd060186e5e6b83b4622443175089328a', 'Kp. Cipanawar No. 88 RT 01 RW 09 Cipageran Cimahi Utara Kota Cimahi', NULL, 'L', '16', 'Pengolah Data Barang Milik Negara'),
('190401001', '196711271994031004', 'Achmad Muhammad', '036dff82c62f00d743fdb700ea797553', 'Jl. Sultan Tirtayasa 28 Bandung', '022 4260831', 'L', '34', NULL),
('190401002', '196706151992032003', 'Viententia Junianti Sri R.', '22fc69df9d68fe288f8ff4422c6281f2', 'Jl. Teladan NO 23 B kKPAD RT 005 RW 002 Gegerkalong Sukasari ,Bandung Viententia Junianti Sri Redjeki', '210738', 'P', '15', 'Pengolah Data Pengabdian kepada Masyarakat'),
('190401003', '196512142000031001', 'Cucu Supriatna', '487427b0c082fbada24b1afd1880136b', 'Kp. Singagati RT/RW 02/03 Desa Ciburial KEC. Cimenyan ', NULL, 'L', '23', 'Pengadministrasi/BMN '),
('190401006', '196006031992011001', 'Ismet P. Ilyas', '6ce0c556f5bbb71d6f2e54d1ebc2e951', 'Jl. Adipati Kertabumi No.11 Bandung', '4205170', 'L', '6', 'Wakil Direktur I Bid. Akademik'),
('190402010', '196508101995121001', 'Bugie Wardojo', '6074c6aa3488f3c2dddff2a7ca821aab', 'Jl. Alamanda No.24 Bojong Kacor RT 01 RW 13 Cibeunying Cinmenyan Kab. Bandung', '2517329', 'L', '3', 'PLP Pelaksana Lanjutan'),
('190404012', '197008072000121004', 'Heru Agus Prayitno', 'a648ab9a3e32c5f3f6e9ddbd41c0530f', 'jl. pagarasih Rt 05/09 kel. sukahaji,Bandung ', NULL, 'L', '17', 'PLP Pelaksana'),
('190404013', '197009201999031004', 'Aris Yusep', '288077f055be4fadc3804a69422dd4f8', 'Kp. Sukalaksana RT02/11 Cicadas. Kiaracondong. Bandung', NULL, 'L', '7', 'PLP Pelaksana Lanjutan '),
('190404014', '197007032001121001', 'Dodo Suhada', '721c6ff80a6d3e4ad4ffa52a04c60085', 'KP CIGAGAK RT 06 RW 15 KEL CIPADANG KEC CIBIRU, BANDUNG', NULL, 'L', '7', 'Teknisi Laboratorium'),
('190404015', '132296609', 'Supriyadi', NULL, 'Jl.Saluyu Indah 16 No.106A. Riung Bandung Blok 3L RT/RW 2/13  Bandung  10 Februari 1970', '7537013', 'L', '29', NULL),
('190407017', '196707202007011002', 'Budi Permana', '00dfc53ee86af02e742515cdcf075ed3', 'Jl. Melur 3 No. 83 RT 03 RW 12 BUMI RANCAEKEK KENCANA DS. RANCAEKEK WETAN BANDUNG', '022 87701307', 'L', '16', 'Pengadministrasi/Gudang '),
('190407018', '196908032000031002', 'Acep Komar', '7337afaa01797ee989e3c8d9874d5b3b', 'Jl. Cigadung Wetan 122 RT 4 RW 5 Kel. Cigadung-Kec. Cibeunying', NULL, 'L', '18', 'Pengadministrasi Perpustakaan'),
('190408019', '196709292007011002', 'Komara Margana', '9682294bff1fc33337bed46062448097', 'Jl. Cisitu Lama No.48/160A RT03/12. Bandung', NULL, 'L', '13', 'Pengadministrasi/Akademik'),
('190411030', '197002122000121001', 'Yayan Hidayat', 'ccbf0a5c0f14f09a68076c4804296a62', 'Komp. GBI Blok K-13 No.33 A RT 08/RW 13 Desa Buah Batu Kec. Bojong Soang Kab. Bandung', NULL, 'L', '3', 'PLP Pelaksana Lanjutan'),
('191408034', '196606052001121001', 'Heri', '6812af90c6a1bbec134e323d7e70587b', 'Jl. Cigadung Wetan No. 127B RT 04 RW 05', NULL, 'L', '3', 'PLP Pelaksana Lanjutan'),
('191410039', '196812311993031014', 'Suseno', '533c00a36999afb9fd83e9f0e603a461', 'Jl.Teladan 23B KPAD RT 05 RW 02 KEL.Geger Kalong KEC.Sukasari ,Bandung', '86615592', 'L', '3', 'Ka Prog.Studi Teknologi Pembuatan Perkakas'),
('191410042', '197002161993031001', 'Ismail Rokhim', 'f3b32717d5322d7ba7c505c230785468', 'Komp. Bukit Pajajaran No. 11 B, RT. 04 RW. 13 Desa Cikadut Kec. Cimenyan Kab. Bandung', '7216350', 'L', '5', 'Ka.Jurusan Teknik Otomasi Manufaktur & Mekatronika'),
('191410043', '196911081993031002', 'Hadi Supriyanto', '36fcb788769306c1198232cd4c9e5b46', 'Taman Bukit Cibogo Blok A4/2 Cimahi, Kel. Leuwigajah, Kec. Cimahi Selatan', '6673247', 'L', '5', 'Ka. Laboratorium DCS dan Sistem SCADA'),
('191412044', '196702282001122001', 'Mijs Rolasih', '4545a2b41ae6404a1f95b9ffebe9f5e6', 'Komp. Nata Endah Blok U 36 Cibabat Cimahi Utara (RT 05/RW 02)', '022 6651997', 'P', '22', 'Penyusun Laporan Keuangan '),
('192401002', '196801222000031001', 'Addonis Candra', 'b9c4c6a8fa32e3564be840a9076574cd', 'Jl.Sariwangi Raya (Terusan Geger Kalong Jilir), Perumahan Bumi Sariwangoi Blok E No 25,DS.Sariwangi KEC.Parompong KAB.Bandung Barat ', '022 76771767', 'L', '3', 'Sekr. Bid. Kerjasama Teknik Manufaktur'),
('192403004', '196903031995121002', 'Pandoe', 'df9269b80c9ab5e4079b2763468c80bd', 'JL. Wirangrong No 8 KOMP Turangga,Bandung', NULL, 'L', '3', 'Penyelia Pengembangan pd lab las & fabrikasi'),
('192409011', '197012271995121001', 'Achmad Sambas', 'e590ad4b83ac97f84569825e8f00c730', 'KP BABAKAN RAHAYU RT 02 RW 016 DS BOJONG EMAS KEC SELOKAN JERUK', NULL, 'L', '7', '(Binary/Image)'),
('192409012', '197111231995121001', 'Noval Lilansa', '1d3bec17fff8a9edd09f8041c2096e3d', 'Kp. Babakan rahayu Rt 02/16 Desa Bojongemas, Kec Solokanjeruk', NULL, 'L', '33', '(Binary/Image)'),
('192409013', '197012301995121001', 'Aris Budiyarto', 'cd4da5d8a1592ee37c0dbe61add1a104', 'Taman Bukit Cibogo Blok C5 No.6 RT 03 RW 017 Leuwigajah Cimahi Selatan', '6671311', 'L', '5', 'Caretaker Ka.Bag.Keuangan dan Perencanaan Anggaran'),
('192409015', '197001061995121002', 'Wahyudi Purnomo', 'c6b5cef6327916d6260a80de98184581', 'Giri Mande BXI/13 Karang Pamulang, Mandalajati, Bandung', NULL, 'L', '5', 'Sekr. Bid. Pendidikan Teknik Otomasi'),
('192411019', '196806062003121001', 'Amung', '3fac0b4c645959fd827105def0ec36c7', 'Jl. Kanayakan Dalam 12 RT 05 RW 08 DAGO KEC COBLONG KBB', NULL, 'L', '3', 'PLP Penyelia '),
('193401001', '196704032007011005', 'Wasita Tata', '49d02d55ad10973b7b9d0dc9eba7fdf0', 'Jl. Bangbayang/Cihaur No. 26/ 157 C / RT 03 RW 08 Kel. Dago', NULL, 'L', '7', 'Teknisi/Laboratorium'),
('193401002', '196406012006041001', 'Yayat Ruhiyat', '4d1b0e29bbab6794a9a6f8d64a484f2c', 'Babakan Sembung RT 01 RW 12 No.2E Bandung', '022 76005697', 'L', '7', 'Teknisi/Laboratorium'),
('193401005', '196705092000031001', 'Narwikant Indroasyoko', '909f4ffa7207dc236d5059f25ddcd8fe', 'Cigadung wetan RT 01/05 Kec. Cibeunying Kaler bandung', '022 2517151', 'L', '34', 'penyelia kemahasiswaan'),
('193403006', '196405241994031002', 'Dede Buchori Muslim', 'bcb549e0e50e6fddef954ddf4e6b65bb', 'Perum Bumi Prima Garden H12. Cimahi', NULL, 'L', '14', '(Binary/Image)'),
('193410018', '197105281999031002', 'Oyok Yudiyanto', '0b21cde423a15e87ce65481c00cd39d1', 'Jl. Cijotang Mandiri VII No. 4 Cijotang, Kel. Cibeunying Kec. Cimenyan Kab. Bandung', '02282523919', 'L', '7', 'Ka. Prodi Teknik Pengecoran Loga'),
('194402004', '197202022000122001', 'Iva Febriani Irawati', '74d738020dca22a731e30058ac7242ee', 'Taman Bukit Cibogo Blok C 10 No.26 Leuwigajah, Cimahi Selatan', NULL, 'P', '13', 'Ka. Sub. Bag. APSI'),
('194402005', '197105122002121002', 'Harjoto', 'fc54a840044a9cafe0ba23ba9ddcff69', 'JL SUKARASA INDAH KAV 2 NO 11 RT 06 RW 011 CITAREUP, CIMAHI ', '30182203', 'L', '9', 'Ka. Bag. Administrasi Umum'),
('194407009', '196912062003121002', 'Budi Supriyadi', 'd5ca895062e86e0dd8033dce41113604', 'Jl. Cilengkrang 1 Gg. Raharja III  Rt.03 Rw.04 Kel. Cisurupan Kec. Cibiru Kodya Bandung ', NULL, 'L', '5', 'Teknisi Laboratorium'),
('194407011', '197211222007011002', 'Jeje', '21dbd9ee5a8e54ec3157e76b32ce450c', 'Dusun Cipari RT. 01 RW. 04 KEL SUKAMAJU KEC RANCAKALONG Sumedang', NULL, 'L', '23', 'Pramu Kantor'),
('194407013', '197207172007011002', 'Hendi Ruswendi', '71ea803d7025a9ef0a399e2bc9d7867e', 'Jl. Bojongkoneng No. 116 rt 06 rw 12 kel sukapada kec cibeunying kidul kode pos 40125  ', NULL, 'L', '23', 'Teknisi Sarana dan Prasarana Kantor'),
('194408014', '196912122007011004', 'Koswara', 'e90d201a853c919812d5c9c7f83d8e2b', 'Komp. Jiwanaya RT 03/04 Kel. Cibeunying Kec. Cimenyan kab. Bandung    | Cigadung', NULL, 'L', '9', 'Pramu Kantor '),
('194409016', '197206181998031003', 'Nandang Rusmana', '809040bb6d7ecb1f42d04caa30a03707', 'kanayakan dalam A-3 dago', '(022) 82523981', 'L', '3', 'Ka. Prog. Studi Teknologi Manufaktur Diploma Tiga'),
('194410017', '197112151999031001', 'Muhammad Nahrowi', '0471d4b5b364dc0fa801323b311c5604', 'Jl. Graha Anggrek III No.2 Graha Rancamanyar RT 01 RW 18 Desa Rancamanyar.  Kec. Baleendah Kab. Bandung', '022 92574227', 'L', '7', 'Ka. Laboratorium Pola Pengecoran Logam'),
('194410020', '197109232007011001', 'Suhandi', '5fb8c99edcac90f2b27c24e53b5bc594', 'Komplek Griya Winaya B13 No3 RT 003 RW 013 Pasirjati Ujungberung', NULL, 'L', '17', 'Teknisi/Sarana dan Prasarana Pendidikan'),
('194410021', '196810301995121001', 'Bolo Dwiartomo', 'c8ee78f45a36aa1441fce6c3bf0c7ad9', 'Jl. Kanayakan Baru No.18 A Dago,Coblong,Bandung ', NULL, 'L', '5', 'Ka. Laboratorium Robotika'),
('195401001', '197606112007011001', 'Yayat', '4d1b0e29bbab6794a9a6f8d64a484f2c', 'Jl. Kanayakan Bawah. Regol RT05/RW08. Kel.Dago. Bandung', NULL, 'L', '7', 'Teknisi/Laboratorium'),
('195404004', '197102072007011001', 'Lili Heryadi', '777bbb7869ae8193249f8ff7d3e59afe', 'JL CIKUTRA GG. SUKARAPIH II NO 53 RT 001 RW 015 KEL PADASUKA KEC CIBEUNYING KIDUL', '(022) 76497970', 'L', '7', 'Teknisi/Laboratorium'),
('195404005', '197207052007011002', 'Suryana', '4d09418a5df5af3e8b63375cfbaa2f9d', 'Jl. Randu Sari V No.16 RT 05 RW 14 Kel. Antapani Kidul Kec. Antapani', '022-7215819', 'L', '7', 'Teknisi/Laboratorium'),
('195411007', '197307062003121002', 'Nandi Widarman Syah', '03dd086e697dd9e102b2674ee7286551', 'Jl. Bangbayang Timur 140/147C,BANDUNG ', '7911282', 'L', '7', 'Teknisi/Laboratorium'),
('195411008', '197504082006041001', 'Supratman', '2c62c56d3ea61833d3e66e563bc5abb1', 'Komplek Taman Bunga Sukamukti Blok N-9 RT 04 RW 09 Kel. Sukamukti Kec. katapang Kab. bandung', '022 70794075', 'L', '7', 'PLP Pertama'),
('196401001', '197009302000031001', 'Beny Bandanadjaja', 'f1c31bff795146b83c49865004adcc69', 'Bumi Pasundan No. 43 RT 02 RW 08 Kelurahan Pasir Impun Kecamatan Mandalajati Bandung ', '92755545', 'L', '14', 'Wakil Direktur I Bidang akademik'),
('196406005', '196807021997021001', 'Yuliadi Erdani', '1f9da6aeaca237590532d113264e82a9', 'Sarijadi, Jl. Sarimanis Blok 16 No.103 Bandung', '022-2019197', 'L', '5', 'Ka. Prog. Studi Teknik Rekayasa Otomasi'),
('196410010', '197411262002121002', 'Asep Hidayat Saefudin', 'dc855efb0dc7476760afaa1b281665f1', 'Jl.Komplek Kotabaru Arjasari F 02/04 DS/KEC.Arjasari, Bandung', NULL, 'L', '7', 'Teknisi/Laboratorium '),
('196410012', '197504172005011004', 'Iman Apriana Effendi', 'de0d455cbd99c4af7fa4fdfd7ce4f827', 'Jl. Bunisari Kav - 7 Antapani RT. 004 RW. 007 Kel. Antapani Wetan Kec. Antapani', NULL, 'L', '6', 'Sekr. Bid. Pendidikan, Pelatihan & Konsultasi'),
('196410013', '197411012006041011', 'Budiman Chandra', '456b39e6cf4fdc9bda6b84b0a0b557dd', 'Kopo Permai II Blok A5 No. 18. RT 01 RW 04 DS.Cangkuang Kulon,Kec.Dayeuh Kolot,Bandung', '5404504', 'L', '8', 'Ka.Prog.Studi Teknik Perancangan Perkakas Presisi'),
('197401001', '197408242005012001', 'Herlin', 'd34fb357dde0fe2a7aa0687c9a855fd2', 'Kpl. Permana Indah. Jl. Turaes No. 2 RT 002 RW 013 Citeureup Cimahi. Bandung', '6628574', 'P', '22', 'Penyusun Program, Anggaran dan Laporan'),
('197402003', '196711252007011001', 'Dudi Diana', '2615726de7dfb59c869b398b415c6bda', 'Cipaheut kidul 35 rt 02 tw 03 Kec Cigadung Kab Cibeunying Kaler', NULL, 'L', '13', 'Pengadministrasi/Akademik'),
('197403004', '197203242007011003', 'Dani Saepudin', '55b7e8b895d047537e672250dd781555', 'Kp. Sadang Saip No. 225/151A RT. 01 RW. 11 Sadang Serang Bandung', '022 2531578', 'L', '6', 'PLP Pelaksana '),
('197403005', '197503172007011001', 'Uli Wikanda', 'fe460e2d5ef08bffb59047ece11d753a', 'Perum Bukit Rahmah Permai Blok C-102 RT. 002 RW. 005 Desa Cilame Kec. Ngamprah', NULL, 'L', '6', 'PLP Pertama'),
('197406008', '197111082001121001', 'Sophiadi Gunara', '10c048d36dfe75b46a6e452f1e5f031a', 'Jl. PLN CIATEUL NO 16 ,BANDUNG', '70908725', 'L', '7', 'Sekr. Bid. Pendidikan Teknik Pengecoran Logam'),
('197407009', '197405112001121001', 'Supriyadi Sadikin', '06793bc45269379202ab3828603d5b5c', 'GG. PAMARSET NO 51 RT02 RW07 KEL.KARANG ANYAR KEC.ASTANA ANYAR,BANDUNG', '4214986', 'L', '34', 'Ka, Satuan Penjaminan Mutu Internal'),
('197407011', '197502242003121004', 'Hilman Indrayanto', 'db7a427c69f02c78a3a52f43005ee1d0', 'Komplek Bukit Rahmah Permai Blok C-92 RT.005/002 Ds.Cilame Kec. Ngamprah, Kab.Bandung Barat 40552', NULL, 'L', '13', 'Ka. Sub. Bag. Akademik & Kemahasiswaan'),
('197407012', '197109172005011001', 'Mochammad Dody Priyambudi', '6613c97ad4ade214711f08961d33373e', 'Jl. KAYU AGUNG 1 NO C 65', '7318963', 'L', '23', 'Ka. Sub. Bag. Tata Usaha'),
('197407013', '197411242003121002', 'Andi Noviandi', 'ae94b6c414a38c24be8ab25f597c73bd', 'Jl. Raya Tanjung Sari No. 317 RT 01 RW 01 Tanjungsari Sumedang', '7911058', 'L', '3', 'Ka. Laboratorium Manufaktur'),
('197408015', '197705162007011001', 'Iwan', '1e2948a5c561a0c334b9841c9f98d5c5', 'Jl. Sersan Sodik No. 59/170 c RT 03/RW 02 KEL ISOLA KEC SUKASARI, Bandung', NULL, 'L', '17', 'PLP Pelaksana'),
('197408016', '197507162001121002', 'Enang Hendri', 'cd8b1a412778b83e7e4a152dfa5c1284', 'KOMP  CIBIRU ASRI BLOK N9 RT 004 RW 011 CINUNUK, CILEUNYI BANDUNG ', '87825055', 'L', '16', 'Pengelola Pengadaan Barang dan Jasa Pertama'),
('197409017', '197606122002121003', 'Ujang Taryana', 'c959810f01adc10791f46e1b3ecab45a', 'Jl. Cilisung No. 29 RT. 03 RW. 05 Ds. Sukamenak Kec. Margahayu Kab. Bandung', '5408843', 'L', '17', 'PLP Pelaksana'),
('197409018', '197904282007011001', 'Agus Kustiman', '5be9a68073f66a56554e25614e9f1c9a', 'Jl. Jamika Gg. KH. Ishak Wijaya RT 05 RW 05 Kel. Sukahaji Kec. Babakan Ciparay Bandung', '6036463', 'L', '3', 'PLP Pertama '),
('197410022', '197501042007011001', 'Muhammad Padang', '93da7ff0080ed80c4176b99cf2ad459a', 'Gg. H. Muhyi No. 11 Kel. Binong Kec. Batununggal Bandung', NULL, 'L', '7', '(Binary/Image)'),
('197410023', '197510082001121002', 'Cecep Ruskandi', '12561b85a11f531cbd30a7d95cb78142', 'Jl. Cidurian Utara RT 06 RW 13 Kelurahan Sukapura Kecamatan Kiara Condong', NULL, 'L', '7', 'Sekr. Bid. Kerjasama Teknik Pengecoran Logam'),
('197410024', '197602132003121003', 'Darma Firmansyah Undayat', 'f90690e3c7de4452470c5f84120cd12f', 'Jl. Mekar Subur NO.16 RT.07 RW.08 Kel.Cijerah Kec.Bandung Kulon,Bandung', '022 82523911', 'L', '7', 'Sekr. Bid. Pendidikan Jur.Teknik Pengecoran Logam'),
('197410025', '197412142007011001', 'Kus Hanaldi', 'c1c17bb4222efbc946772909c33c370f', 'komplek Griya Persada Jl.Ranca Bolong No 43A RT  006 RW 010 KEL MARGASARI', '91888649', 'L', '7', 'Koordinator Pelaksanaan Keg.Produksi Cetakan/inti'),
('197410026', '197502272000121001', 'Roni Kusnowo', '77102abfd5aeca3cd8d601df8dac307a', 'Jl.Cigadung Wetan No.6 B RT 02 RW 06 Cigadung Bandung', '82522437', 'L', '7', 'Ka. Jurusan Teknik Pengecoran Logam'),
('197410027', '197112052002121001', 'Dedy Ariefijanto', 'e6f89290900b364726ba7f3dc9f0fec2', 'Jl. Kenayakan RT 005 RW 008, DS.Dago Kec.Coblong', NULL, 'L', '3', 'Ka. Laboratorium Perkakas Presisi'),
('197410028', '196506102003121001', 'Antonius Adi Soetopo', '784742a66a3a0c271feced5b149ff8db', 'Kenayakan 21 Dago, Bandung', '022 6042798', 'L', '3', 'Ka. Laboratorium Mekanik dan Permesinan Dasar'),
('197410029', '197004142003121002', 'Irwan', 'b360089e48b62d69c6c80fa1b5ef024d', 'JL KENAYAKAN DALAM A3 RT03 RW08 DAGO ,BANDUNG', NULL, 'L', '3', 'dosen-ka.lab PMD T.Manufaktur'),
('197411031', '197301032003121001', 'M. Sadiyo', 'f244a342761a822f18132b1a095f6512', 'Perum Victory Land Blok K No. 4 RT 03 RW 02 DS Jati Endah KEC Cilengkrang ,Bandung', '022 7801967', 'L', '3', NULL),
('197411033', '197509122001121001', 'Asep Indra Komara', 'dcb76da384ae3028d6aa9b2ebcea01c9', 'Jl. H.Mikti II DESA Sariwangi Kec Parompong ', NULL, 'L', '6', 'Ka. Prog. Studi Teknologi Rekayasa Manufaktur'),
('197411034', '197607132001121001', 'Yuliar Yasin Erlangga', '4a8ba78ee380bcf6102189c8620a9ca7', 'Jl. Kanayakan Bawah Asrama POLMAN A1 Dago Bandung ', '2504689', 'L', '6', 'Ka. Prog. Studi Teknologi Perancangan Perkakas '),
('197411037', '196812152007011001', 'Sukirman', '2d7ba052426c021dda73b7e8348ae896', 'Jl.Cihaur No 15/158C RT 02 RW 08 KEL Dago KEC Coblong,Bandung ', '2533597', 'L', '18', '(Binary/Image)'),
('197411038', '197509152007011001', 'Aceng Hikmatakyudin', '149eecba3ed9350e988206828080553d', 'KOMP PUSKOPAD RT 005 RW 008 KEL. CISURUPAN. KEC CIBIRU KOTA BANDUNG 40614', NULL, 'L', '23', 'Pengemudi'),
('198405002', '197505252007011001', 'Iyan Purnama', '70f32b0989903de63dde4ea96d5d4000', 'Jl. Sariasih No.54 RT/RW 5/9. Sarijadi Bandung 40151', '2006538', 'L', '3', 'Ka. Lab Produksi ME'),
('198407003', '197609262007102001', 'Herni Tri Susanti', '61b5553661a9ae2057318ed04fb4ea7c', 'Jl.Sariwangi Raya (Terusan Geger Kalong Jilir), Perumahan Bumi Sariwangoi Blok E No 25,DS.Sariwangi KEC.Parompong KAB.Bandung Barat ', '022 76247255', 'P', '22', 'Bendahara Penerimaan '),
('198408004', '197609072005011002', 'Pramudiya Tri Hartadi', 'e99e5c1d1794dd2806498224053c4330', 'Asrama Polman Blok C-12 Jalan Kanayakan Bawah RT03 RW. 04 JL CILENGKRANG1,KEL PALASARI KEC CIBIRU Bandung', NULL, 'L', '18', 'Teknisi/Komputer'),
('198410010', '197706052003121003', 'Ari Siswanto', '481f0d1777f8d9b270d8000788abe513', 'Jl. Cijotang Mandiri II No.2 01/08 Kel. Cibeunying Cimenyan Bandung', NULL, 'L', '7', 'Ka. Laboratorium Material'),
('198410011', '197606152003121001', 'Moch. Achyarsyah', 'aebcc7b719a31b7955d912863229c525', 'Kompleks Abadi Regency I No.42, DS.Isola, Kec.Sukarasa, Bandung', NULL, 'L', '7', 'Sekr. Bid. Kerjasama Jur. Teknik Pengecoran Logam'),
('199411005', '197609022003121001', 'Bustami Ibrahim', '76f565873147a2fe21f6e5caa843d9b4', 'Jl. Cigadung Wetan RT 02/RW 05 Kel. Cigadung, Kec. Cibeunying, Kec. cibeunying Kaler Kota Bandung', NULL, 'L', '6', 'Ka. Prog. Studi Teknologi Perancangan Mekanik'),
('199411009', '197703052006041012', 'Jata Budiman', '2ad1dfeadc2800912c4d470edaf451f3', 'Asrama Polman Blok B No.3 Jl. Kanayakan Bawah RT 005/RW 008 Dago Bandung', NULL, 'L', '3', 'Ka. Jurusan Teknik Manufaktur '),
('199411010', '197710132002121001', 'Ery Hidayat', '8febfb31e5bcc247ce8d0ede460d2ca3', 'Kp.Pasanggrahan No.2 RT.04 RW.04 Kec.Cilawu Kab. Garut & Asrama Dinas Polman C3', '240788', 'L', '7', 'Ka. Prog. Studi Teknologi Pengecoran Logam'),
('199411011', '197512042001121001', 'Haris Setiawan', 'c0ba88b8bca79ca3b50b96abdf431766', 'JL.BANGBAYANG NO.1A,BANDUNG', NULL, 'L', '3', 'Ka. Laboratorium Poduksi Mesin dan Perkakas'),
('199411214', '197609252008101001', 'Yan Sopian', '911f6332e7f90b94b87f15377263995c', 'Jl. Baladewa RT 06/08 66 VIII No.47 Bandung ', NULL, 'L', '23', 'Teknisi Sarana dan Prasarana Kantor'),
('199412012', '197803242006042013', 'Aida Mahmudah', '2991a6ba1f1420168809c49ed39dba8b', 'KP CIKUPA RT 003 RW 006, KEL/KEC SUKMAJAYA,DEPOK ', '4217360', 'P', '6', 'Tenaga Pengajar'),
('199412013', '197705032008101001', 'Agus Tatang', 'fdf169558242ee051cca1479770ebac3', 'Jl. Cigadung Wetan RT 01/05 Kel. Cigadung Kec. Cibeunying Kaler, Bandung  ', NULL, 'L', '23', 'Teknisi/ Sarana dan Prasarana Kantor'),
('199412014', NULL, 'Yan Sopian', NULL, 'JL CIBINTU RT 001 RW 008 DS/KEL SUKAMUKTI KEC. BANYURESMI, GARUT', NULL, 'L', '29', 'PRAMU BERSIH'),
('200402001', '197612082008101001', 'Marsudi Santoso', '83085b3ea7834fd76c71f1df5988a064', 'Jl. Cisitu Indah VI RT 02/04 Bandung  Marsudi Santoso', NULL, 'L', '9', 'Pengadministrasi Umum '),
('200405003', '197308132002121001', 'Arfin', '2df35f905e5ed11f0b77d7cbfc5963c9', 'Pakar Barat RT 03 RW 07 Ciburial, Kec Cimenyan  Kab. Bandung', NULL, 'L', '3', 'PLP Pertama '),
('200407004', '197611222008101001', 'Ahmad Jupri', '49805f4c2571f12d3acd8c2eb0cd25a1', 'Komplek Perumahan Bukit Rahmah Permai Jl.Ganesha VI no. C96 RT/RW 05/02 Cilame Ngamprah Kab. Bandung Barat', NULL, 'L', '23', 'Teknisi/Sarana dan Prasarana Kantor'),
('200407005', '197605122008101001', 'Hardi', '099a147c0c6bcd34009896b2cc88633c', 'Kp. Cijengkol RT 02 RW 06 Ds. Wangunsari Kec. Lembang Kab. Bandung Barat', NULL, 'L', '16', 'Pengadministrasi/Gudang'),
('200409006', '197201232008101001', 'Eko Koswara', 'e5ea9b6d71086dfef3a15f726abcc5bf', 'Jl. Bangbayang / Regol No. 4 RT 05 RW 08.Coblong- Dago. Bandung', NULL, 'L', '7', 'Teknisi Laboratorium'),
('200409007', '197803262008102001', 'Efi Susanti', 'a9585ee26b99b02fd19465902f2fd4d5', 'Jl. Mahmud No.5 RT 05 / RW 05 Desa Pmoyanan kel pamoyanan kec cicendo Bandung', '6034223', 'P', '16', 'Pengolah Data Barang Milik Negara'),
('200411011', '197806122001121002', 'Ridwan', 'bef2adcd689a37eab740458a199bb8ca', 'Jl.Maleber Utara No.154 RT 05 RW 04 Bandung', '6042625', 'L', '5', 'Penyusun Program Pengembangan Mahasiswa'),
('201403003', '196902082002121002', 'Dede Sujana', 'b4be1c568a6dc02dcaf2849852bdb13e', 'Jl. Purwakarta Komp.Bougeneville Blok.F No.6 Antapani Bandung Jawa Barat', '022 - 7234000', 'L', '34', 'Tenaga Pengajar'),
('201403004', '197908242005012001', 'Pipit Anggraeni', '30d75fd5c201c6967b9e01da34658c98', 'JL KAREES KULON NO 17/33 RT 002 RW 006 KEL MALABAR KEC LENGKONG, BANDUNG ', '76076767', 'P', '5', 'Sekr. Bid. Pendidikan Jurusan Teknik Otomasi'),
('201409005', '197904052008101001', 'Aris Eko Setiyawan', '32b37efc271249e6353727a66fc168ec', 'Perum Taman Bukit Cibogo Blok A6 No.58 RT 03 RW 17 Kelurahan Leuwigajah Cimahi Selatan', '6673094', 'L', '5', 'Teknisi Laboratorium'),
('201410006', '198004282008101001', 'Setyawan Ajie Sukarno', '2a66acbc1c39026b5d70457bb71b142b', 'Jl. RIUNG ARUM BARAT V NO 224, RT011 RW 010 KEL CISARANTEN KIDUL, KEC GEDEBAGE ,BANDUNG  Setyawan Ajie Sukarno', NULL, 'L', '5', 'Penyelia Lab.Digital & Mikroprosesor'),
('20141109', '197705012005011003', 'Sidik Permana', '41ad70698fd2214e7966a09633933204', 'Kp. Panyairan RT. 02 RW. 12 No. 4 Ds. Cihideung Kec. Parongpong Kab. Bandung Barat ', NULL, 'L', '6', 'PLP Pertama'),
('201412010', '197401292009101001', 'Irwan Irawan Sutisna', 'b360089e48b62d69c6c80fa1b5ef024d', 'JL. SARIWANGI Flat J3 No. 12 RT 004 RW 011-SARIJADI  Bandung', '2002617', 'L', '22', 'Bendahara Pengeluaran Pembantu '),
('201412011', '197408102008101002', 'Mohamad Agus Solihin', 'fdf169558242ee051cca1479770ebac3', 'Jl. Kanayakan Dalam No. 6 RT 05 RW 08 KEL. Dago KEC. Coblong, Bandung', '2512386', 'L', '7', 'PLP Pertama'),
('201412012', '198102212008101001', 'Ayi Surya', 'fc646ab58bc3535f15cebaf9caa144e6', 'JL CIPASIR LUHUR RT 04 RW 05 KEL PADASUKA KEC CIMENYAN KBB', NULL, 'L', '3', 'Teknisi/Laboratorium '),
('201412014', '198104022008101001', 'Sukawan', 'ef9638c9b59e2e2e0ef3f830ef885f81', 'Komplek Manglayang Regency Blok J2/19 Desa:Cinunuk , Kec. Cileunyi', NULL, 'L', '3', 'Teknisi/Laboratorium'),
('202401002', '197802062008101001', 'Ruswandi', 'fa9c89674a81799fdc6ec64effd183d0', 'Jl. Permai 22 No. Mc. 19 RT 03 RW 09 Margahayu Permai Kab Bandung', '91838203', 'L', '3', 'PLP Pelaksana'),
('202402003', '198008092008101001', 'Ade Ramdan', 'df11a6e0e640da193e41d8ac4ac07777', 'JL KENAYAKAN DALAM C-2 RT 05 RW 08 KEL DAGO KEC COBLONG,BANDUNG', NULL, 'L', '6', 'PLP Pelaksana '),
('202405007', '197902022008101001', 'Herman Budi Harja', 'a1a6907c989946085b0e35493786fce3', 'KOMP LEMBAH CITRA SEKEMALA B32 RT.01 RW.12 KEL.PESANGRAHAN KEC.UJUNG BERUNG', '73453550', 'L', '3', 'Ka. Laboratorium Teknik Pemeliharaan Mesin'),
('202410008', '197406092003121002', 'Nur Wisma Nugraha', 'b55178b011bfb206965f2638d0f87047', 'Perum. Griya Asri Cahaya Cipageran H-19 Jl. Kol. Masturi Km. 3 Cimahi', NULL, 'L', '5', 'Ka. Prog. Studi Teknik Mekatronika '),
('202410009', '197709012009102001', 'Ervina Nuzlyana', 'd27317413102cd418365ae6b10c0332a', 'Jl. Merkuri Tengah No. 11A. Margahayu Raya.  Bandung 20286', '022-7513962', 'P', '22', 'Bendahara Pengeluaran '),
('202410011', '198105072008101001', 'Hendy Rudiansyah', '84016a5850e1c2fc8407f576083e669c', 'cluster pawenang Blok A5,RT 03 RW 05 CISARANTEUN BINA HARAPANA,BANDUNG ', '70350822', 'L', '5', 'Penyusun Program Pengembangan Mahasiswa'),
('203401001', '198204192005011002', 'Edi Suryadi', '953e43ff3c50b67e90f178a503fa3914', 'Jl. Dago Atas Cirapuhan No.45 RT.06/01 Bandung', NULL, 'L', '3', 'Teknisi/Laboratorium'),
('203401002', '197905202008101001', 'Nurmasihin', '42ba504ff757cdcb94b854539a111776', 'BLOK TVRI I RT 001 RW 003 CIBADUYUT WETAN KEC BOJONGLOA KIDUL, BANDUNG', '022 72417895', 'L', '29', 'Penyelia Perancangan dan Konstruksi'),
('203401003', '197906152008101001', 'Yun Gemilang', '39feac4ad338b8a13fabb54e83e69825', 'JL. SMP 18 No.315 / Sukamenak I No.3 Buah batu', '91988311', 'L', '7', 'PLP Pelaksana'),
('203401004', '198110302008101001', 'Agus Riadi', 'b432f34c5a997c8e7c806a895ecc5e25', 'KP PATAMON NO 61 RT 2 RW 10 DESA SINDANGLAY KEC CIMENYAN KAB BANDUNG', NULL, 'L', '3', 'Teknisi Laboratorium'),
('203410005', '197512302005012003', 'Deasy Damayanti', 'f431b0eea3c08186ed101e588bfb3a2f', 'Komplek Kota Baru. Jl Teratai no. 190. Cibaduyut. Bandung', '5410107', 'P', '9', 'Ka. Sub. Bag. Sumber Daya'),
('204401001', '198304082005011002', 'Wawa Wahyudin', '892a9944cf14665375630c06a1902152', 'Komp. Griya Winaya Blok E-2 - 44, Kel. Pasir Jati Kec. Ujung Berung Kota Bandung', NULL, 'L', '3', 'Teknisi Laboratorium'),
('204401002', '198101102009101001', 'Samsudin', 'e503392bd9207b27146f0153e67d8057', 'Jl. Ir. H Juanda Kp Cirapuhan RT 009 Rw 01 Dago Atas Bandung', '2513294 ', 'L', '3', 'Teknisi/Laboratorium'),
('204401003', '197808262009101004', 'Kiki Subekti', '0d61130a6dd5eea85c2c5facfe1c15a7', 'Jl. cihampelas Gg. Margalaksana NO.42/25 RT 05 RW 09 KEL TAMANSARI KEC BANDUNG WETAN', '2040256', 'L', '16', 'Pengolah Data Barang Milik Negara'),
('205401002', '198002012009101001', 'Ading Hidayat', 'd8578edf8458ce06fbc5bb76a58c5ca4', 'JL. CILEUNGKARANG 1 BLOK C NO 14 RT 03 RW 04 KEL PALASARI KEC CIBIRU BANDUNG  ', '5955089', 'L', '15', 'Pengadministrasi/Penelitian dan Pengabdian '),
('205401005', '197602242005011002', 'Dicky Rahman Hanaviah', 'db671e14b35774dc1fa427c8f028abd7', 'Jl. Kopo. Komp. Cetarip Barat No.183 Bandung', '0226042496', 'L', '18', 'Pengelola Bahan Pustaka'),
('205401006', '197506122005012005', 'Dini Hadiani', '83476316a972856163fb987b861a0a2c', 'Komplek Taruna Parahyangan Jl.Taruna I no.5 Rt 02/02 Ujungberung  Bandung 40619 ', '022 7806182', 'P', '34', 'Asisten Ahli'),
('205401007', '197911192005012001', 'Elis Siti Munawaroh', 'eaba1bca7df38544439d482bb60ab916', 'komp. Giri Mande Blok B 11 no.26 RT 008 RW 004 KEL. KALNG PAMULANG ', '022-7234466', 'P', '9', 'Pemroses Mutasi/Kepegawaian '),
('205401008', '198101082005012003', 'Nia Nuryanti Permata', '04a481486dd84d7c8bfdfc89d38136a6', 'Jl.Bangbayang no 1A,Bandung', NULL, 'P', '34', 'Ka. Unit Sosiomanufaktur '),
('205403010', NULL, 'Ratih Suhartini', 'a5bd72a3d2c4d1686415f93a46fc7a0a', 'Jl. Rancabentang No. 206 RT.04/05 Cibeureum Cimahi Selatan Bandung', '022-6026526', 'P', '13', 'Pengadministrasi Kemahasiswaan '),
('205403014', '197901032005012003', 'Dewi Idamayanti', '81aa7c24cbd17abfba60f3836a9cebf0', 'Margahayu Barat Blok K2 No. 152 Jl. Neptunus Selatan IV ', '022-7508981', 'P', '7', 'Penyelia Lab Kimia'),
('205404011', '197406212005012001', 'Emma Dwi Ariyani', '77102abfd5aeca3cd8d601df8dac307a', 'Jl. Cigadung Wetan NO 6B RT/RW 02/06 Cigadung Pesantren. Bandung', '8164868808', 'P', '34', 'Asisten Ahli'),
('205404013', '197405162005011002', 'Ranu Sutikno', '0fcb6320922db86a6302ba2e91cfa5b3', 'Jl. Pagarsih Gg. Holili No.29E RT. 09 RW. 05 Bandung', '022 6073841', 'L', '13', 'Pengelola Sistem Informasi/Perguruan Tinggi '),
('205412014', '198306012006041005', 'Deni Lukman Hakim', 'cd3e48b4bce1f295bd8ed1eb90eb0d85', 'Komplek Giri Mande B11/9 RT 08 RW 04 Karang Pamulang, Mandalajati Bandung', NULL, 'L', '17', 'PLP Pelaksana Lanjutan'),
('206404001', NULL, 'Andi Candra Eka Prasetyo', '9b5099a5ca635ab52d0c71ce46fe2f21', 'Jl. kanayakan Asrama POLMAN C-2', NULL, 'L', '5', '(Binary/Image)'),
('206411003', '198401042009121002', 'Akbar Robiyana', '4f033a0a2bf2fe0b68800a3079545cd1', 'JL DEPOK VIII NO 05 RT 03 RW 04 ANTAPANI BANDUNG', NULL, 'L', '6', 'PLP Pelaksana Lanjutan '),
('206412005', NULL, 'Pando Utomo', '1c50be191cd0d4133e877292f5cc6b2c', 'Jl Lamping Situ No 11/158D Rt 05/06 Dago Timur - Bandung', NULL, 'L', '23', 'Staf Pengadm. Pelayanan Perpustakaan'),
('207401001', NULL, 'Idan Sukmara', 'a9b52e6b3d8c1198fcb74fea21a6191a', 'Jl. Awiligar Bojong Kacor No.115 RT 04 RW 01 Kel. Cibeunying Kec. cimenyan Kab. Bandung', NULL, 'L', '18', 'Pengadministrasi Puskomedia '),
('207401002', '198508312009122005', 'Nina Agustina', 'f2ceea1536ac1b8fed1a167a9c8bf04d', '   BLOK 04 JENUN RT 015 RW 004 DESA JUNGJANG WETAN KEC ARJAWINANGUN KAB CIREBON', '0231 357517', 'P', '22', 'Bendahara Pengeluaran Pembantu'),
('207403004', NULL, 'Sri Jumiati Mariam', 'd1565ebd8247bbb01472f80e24ad29b6', 'Jl. Moch. Yunus No. 9/6 B Gg. Siti Salsah RT 05 RW 07', '4260320', 'P', '16', 'Akuntan Barang'),
('207407007', NULL, 'Tedy Moelyono', '5a37cecbe60d228a694ee4b680293dd5', 'Jl. Ir. H Juanda Dago Atas Kp. Cirapuhan RT 06 RW 01 Bandung Kel. Dago Kec. Coblong Kota Bandung', '022 2530960', 'L', '23', 'Pengadm.  Pengadaan fisik & SimakBMN'),
('207409008', '198612032009121006', 'Ega Mardoyo', 'fa821be92cbda78d72a38665a85faec8', 'Komplek De Amerta Residence Blok E9 No 19 - Ciganitri Bandung, Terusan Buah Batu (Bojongsoang)', '81809629914', 'L', '9', 'Pengolah Data Kepegawaian'),
('207409009', '198607182009122004', 'Bhekti Lestari', 'f509e5b1aa24c8222241883261555ed5', 'BTN BUMI ASRI PAMIJAHAN BLOK D2 NO 3 & 4 RT011RE 003 DESA PAMIJAHAN, KEC PLUMBON, BAB CIREBON 45155', '0222502909', 'P', '13', 'Pengolah Data Akademik'),
('207411012', NULL, 'Andri Pratama', '6bd3108684ccc9dfd40b126877f850b0', 'Jl. Cibatu Mulia Blok No. 3 Pasir Jati Ujung Berung', '7835711', 'L', '29', 'Penyelia Pemesinan CNC Dasar'),
('207411013', '198611222009121004', 'Yogi Muldani', '938e14c074c45c62eb15cc05a6f36d79', 'JL. KENYAKAN BAWAH KOmp. Asrama POLMAN C No. 1 Bandung', NULL, 'L', '3', 'Teknisi/Laboratorium'),
('208401001', '198509042008011004', 'Agus Prakosa', 'fdf169558242ee051cca1479770ebac3', 'CIGADUNG WETAN RT 002 RW 005 CIGADUNG, CIBEUNYING KALER, BANDUNG', NULL, 'L', '16', 'Analis Barang Milik Negara'),
('208501001', NULL, 'Teddy Moelyono', 'aa54672bcae05048ca0528e19d42ec4c', NULL, NULL, 'L', '8', NULL),
('208504002', NULL, 'Cep Hamzah', 'd7fa34a9a47ee0f5fd620de7a326ef4a', 'Jl. Cigadung Raya Barat Kp. Cipaheut Kaler RT 04 RW 02 No. 114', NULL, 'L', '23', 'Pengemudi'),
('209401001', '198706282008121001', 'Angga Indra Kusumah', '8479c86c7afcb56631104f5ce5d6de62', 'jl. bbk . andir no. 74 / 208 B / Rt 05/2 kel.padasuka kec.cibeunying kidul', '7207117', 'L', '18', 'Teknisi Komputer'),
('209403006', NULL, 'Pungkas Apri Wibowo', 'a688a301ea65e4332ab40de5629bea72', 'Perum Pondok Mas Lestari, RT/RW 005/006 Kelurahan Pakuhaji, Kecamatan Ngamprah', NULL, 'L', '23', 'Pengemudi'),
('209403007', NULL, 'Nandan Priatna', 'bd8fe2cfe193ab507dbc4a2aecca0599', 'Jl. Dago Barat No.395 RT. 05 RW. 04', '022 - 2510051', 'L', '23', 'Teknisi Sarana dan Prasarana'),
('209411010', '198807022014041001', 'Rofan Yulian Romansyah', 'a30ba30716cc6770573ea7d12564f6c4', 'Jalan Sukapura Gg. Nanas No. 10 RT 02/01 Kiara Condong Bandung', '(022) 92814313', 'L', '6', 'PLP Pelaksana'),
('209412011', '198802062010121006', 'Riona Ihsan media', 'e172dd95f4feb21412a692e73929961e', 'Jl. Kiban No. 28 RT/RW 02/03 Ds. Battembat, Kec. Tengah Tani, Kabupaten Cirebon', NULL, 'L', '6', 'Teknisi/Laboratorium'),
('210401001', '198110052009121005', 'Adhitya Sumardi S', '486b6c6b267bc61677367eb6b6458764', 'komp. taman bumi prima blok D no 6  RT 001 RW 005 pesantren,KEL/KEC Pasirkaliki, cimahi ', '0226612682', 'L', '5', 'Ka. Laboratorium Otomasi'),
('210401002', '197604262009122002', 'Nuryanti', '876ec7ff130bb4330d53602b785dfa5d', 'Cigadung Valley Residence No. B-12 RT 01 RW 06, Bandung', '82522412', 'P', '5', 'Ka. Laboratorium Elektrik dan Mikroelektrik'),
('210401003', '197408172009122001', 'Siti Aminah', 'db04eb4b07e0aaf8d1d477ae342bdff9', 'jl. sariwates indah 5 no.15A RT 03/13 Kec. antapani kel.antapini andir kidul ', NULL, 'P', '5', ' Ka. Laboratorium Komputer dan Informatika'),
('210401005', NULL, 'Supriatna', 'bae46ce6405d58fec5eb87a145248a16', 'Jl.Pagrsih GG.Pak Marhadi 88', '022 92592694', 'L', '7', '(Binary/Image)'),
('210401006', NULL, 'Kurniawan (FE)', '16ca55b4f29157780eabc6244f49d442', 'Kanayakan, Dago, BANDUNG (Asrama Polman / C-3)', NULL, 'L', '7', '(Binary/Image)'),
('210401007', NULL, 'Muhammad Mustiadi', 'ca138ee57182d91595fcd5999088f0fd', 'Jl. Cigadung Wetan RT 01/05 Bandung', '(022) 2512252', 'L', '7', '(Binary/Image)'),
('210401008', NULL, 'Dede Suhendar', 'b4be1c568a6dc02dcaf2849852bdb13e', 'Kp. Bojong Kacor Rt/Rw 05/21 Kel.Cibeunying Kec.Cimenyan Kab. Bandung', '02293352213', 'L', '3', '(Binary/Image)'),
('210401009', NULL, 'Hilman Sudrajat', 'cf081b11e184de45ecce347f758936f9', 'Jl. Cidamar RT 01/08 no. 49 Kel. Pasirkaliki Kec. Cimahi Utara', '02293722720', 'L', '29', 'Teknisi Milling'),
('210402010', NULL, 'Risa Rosika', '735c9c3675eaba16bfbec5913174067e', 'Jalan Titiran Dalam 1 No. 25 RT/RW 05/02 Kec. Coblong Bandung', '0265 454504', 'P', '22', 'Pengadm. Keuangan '),
('210402011', '198809152010122004', 'Rika Karisma', 'e32994c67f9a773e841f9e97bd26f014', 'Jl. Cibogo Atas No.12 RT 03/ RW 03 Sukawarna - Sukajadi Banung', '022 76022026', 'P', '22', 'Bendahara Pengeluaran Pembantu'),
('210402012', NULL, 'Rimba Purnama', 'e10adc3949ba59abbe56e057f20f883e', 'Jl. Sariasih Blok V No. 140 RT 03/RW 03 Sarijadi Bandung', NULL, 'L', '22', 'Pengadm. Keuangan'),
('210410016', '198910042010121007', 'Abyanuddin Salam', 'e172dd95f4feb21412a692e73929961e', 'Jl. Jayapura No. 27 Antapani Bandung', '7273205', 'L', '5', 'Teknisi / Laboratorium'),
('210410018', '198901082014041001', 'Muhammad Giri Suhada', '8bb7d19890e804ced1ccb45a2661d665', 'Jl. Ciheulang Baru I No.7, RT 01/RW 07 Kel. Sekeloa Kec.Coblong,Bandung', '022 2511061', 'L', '5', 'PLP Pelaksana'),
('211401001', '197802112010121002', 'Yos Setiana', 'fd58de9a9e5906e3ea4682bf1a2da8aa', 'Jl. Ir. H. Juanda Eg. Parabon No. 27 RT 09/06 Dago, Coblong - Bandung', NULL, 'L', '7', 'Teknisi Laboratorium'),
('211404003', NULL, 'Heru Susanto', 'ea07ff4e27d0bcf5f786f39e44e031f1', 'Kp. Ciharahas Ds Merga Jaya Rt 01/05 No 28 Kec. Ngamprah Kab.BANDUNG BARAT', NULL, 'L', '23', '(Binary/Image)'),
('211407005', NULL, 'Yana Mulyana', '33724c20a01de141819406472a7dc219', 'Jl. Caringin GG. Ekawarga 2 No. 25 RT 02 RW 03 Bandung', NULL, 'L', '18', 'Teknisi Jaringan '),
('211408007', NULL, 'Feby Prinadewi', '4d0faa9bdf81b720ba4b57e9e7317c7a', 'Jln. Kolmas Atas No.19 Kp.Cibadak RT 01/02 Ds.Kertawangi Kec.Cisarua', '021 68574551', 'P', '13', 'Pengadministrasi Akademik'),
('211408008', NULL, 'Lina Nurliyana Sari', 'f6f4deb7dad1c2e5e0b4d6569dc3c1c5', 'Jln. Maleber Utara No.409 Rt 05/08 Bandung', '022 70806402', 'P', '13', 'Pengadministrasi Akademik'),
('212301010', NULL, 'Devid Setia N', 'caca60fed150e9b827e82e417726d3a0', NULL, NULL, 'L', '32', NULL),
('212401002', NULL, 'Dede Rukmana', 'b4be1c568a6dc02dcaf2849852bdb13e', 'jl. kanayakan bawah no 12 rt 05/08 kel. dago kec. coblong kota bandung ', NULL, 'L', '3', '(Binary/Image)'),
('212401003', NULL, 'Agus Suherman', '7a1b9d44d07b43b5b46b7db8611abe27', 'Asrama POLMAN C-3', NULL, 'L', '3', '(Binary/Image)'),
('212401004', NULL, 'Rohmat Saepuloh', '009daa6f39ffa22858746fc1e153da4f', 'jl. mars dirgahayu rt 03/10 no. 25 kec. cimenyan', NULL, 'L', '3', '(Binary/Image)'),
('212401005', NULL, 'Yogi Iskandar', '938e14c074c45c62eb15cc05a6f36d79', 'JL KANAYAKAN BAWAH NO.9 RT.05 RW.08 KEL.DAGO KEC.COBLONG', NULL, 'L', '3', '(Binary/Image)'),
('212401006', NULL, 'Heru Gunawan', 'dd0da050656381605eba33e745b3f098', 'jl. puyuh dalam no. 223/151 A rt01/11 bandung', '022 2531578', 'L', '7', '(Binary/Image)'),
('212401007', NULL, 'Adang Iskandar', '6d841b3399047437e084025463970a65', 'jl. arum sari no. 2 RT 03/02 babakan sari bandung', '022 7215660', 'L', '7', 'pelaksanaan produksi/pola pengecoran logam'),
('212403008', NULL, 'Anto Pratama Putra', '2c946c0178ec72aaefa54f786540d301', 'jl. cibarengkok no. 17 rt.04/10 - Bandung', NULL, 'L', '15', 'Pengadministrasi UPM'),
('213402001', NULL, 'Febilia Kuswandari', '9a767ccc0badf59833f739939f433ae3', 'Jl. Cigadung Wetan Rt 01 / Rw 05', NULL, 'P', '13', 'Pengadministrasi Akademik'),
('214406001', '198204272014041001', 'Gun Gun Maulana', '682e923a65774519c231a066a38d4238', 'Jl.Inkhoftank gg. Perikanan II RT 04/RW 05 Pelindung Hewan Astanaanyar ', NULL, 'L', '5', NULL),
('214406002', '198502282014041002', 'Afaf Fadhil Rifai', '0708a5063ae282ad69314d68f1742051', 'Jl.Senam 5 No.22 RT 02 RW 12 KEL SUKAMISKIN KEC Arcamanik Bandung', NULL, 'L', '5', 'Ka. Laboratorium Komputer dan Informatika'),
('214406003', '198506162014041002', 'Riky Adhiharto', '0dded33fcb3dff8dab664cef68f309fc', 'Giri Mekar Indah Blok - E 27 DS.Giri Mekar,Bandung', NULL, 'L', '6', 'Ka. Laboratorium Perancangan dan Konstruksi'),
('214406004', '198803042014041001', 'Ihfan Aditya Ghafur', '27cd22f49ffe712934ce35a5255f876d', 'Jl.Cijerah 2 Block 16 No 135 Rt.03 Rw.33 KEL MELONG Kec.Cimahi Selatan ', '6000824', 'L', '18', 'Teknisi/Komputer'),
('214406005', '198701042014041001', 'Andri Wiyono', '6bd3108684ccc9dfd40b126877f850b0', 'KOMPLEK PERMATA KOPO AE321 SAYATI MARGAHAYU KAB BANDUNG', NULL, 'L', '5', 'PLP Pelaksana '),
('214406006', '198509052014041001', 'Ade Hasan Sumarso', '29cf39529fced19063b861ce945c98a4', 'Jl.Ligar Sari 2 No.08 Awiligar RT 01 RW 09  Kel.Cibeunying Kec Cimenyan Kab.Bandung  ', NULL, 'L', '5', 'PLP Pelaksana '),
('214406007', '198502262014041002', 'Nendi Sudrajat', 'cfba03cfe4c900cf8069e518fd420c17', 'BABAKAN TANGSI RT 05 RW 06 KEL CICAHEUM KEC KIAROCONDONG,BANDUNG', '0226075047', 'L', '9', 'Pengolah Data Kepegawaian'),
('214407008', NULL, 'Rendi Reynaldi', 'd209fc47646bba5e5fdc3d3bbaad4b9c', 'Jl.KOmp.PAsirjatimadya IV B.151 RT.03/06 Kec.Cilengkrang', NULL, 'L', '33', 'Pengadministrasi UP3M '),
('214407009', NULL, 'Andi Purnomo', 'ce0e5bf55e4f71749eade7a8b95c4e46', 'Gg. Sekepanjang II No. 132/142 A  RT/RW. 002/011 Cikutra, Kec. Cibeunying Kidul - Kota Bandung', '085217994061', 'L', '15', 'Pengadministrasi UPM'),
('214407010', NULL, 'Shinta Pertiwi', 'cd21cbf1821248c06b61630753401c08', 'Jl.Cibaligo No.8/41 RT.02 Rw,02 Kel Cihanjuang ', NULL, 'P', '5', 'Pengadministrasi Akademik'),
('214411012', NULL, 'Wina Anggraeni', '3747722ea59533d34a31b3c562384518', 'Jl. Dr. Djundjunan No. 38 Sukasari - Pasteur', '022 2003381', 'P', '9', 'Operator Telepon/Resepsionis '),
('215321013', NULL, 'Radya Catur Susanto', '2d33f9e65cc1523267f738066ea35c75', NULL, NULL, 'P', '38', NULL),
('215403001', NULL, 'Purwanto', 'ba1466ee453e1198e27dabdbbb0501ad', 'Jl. Ibu Sangki 04/13 Cibeber Cimahi', NULL, 'L', '23', 'Pengemudi'),
('215411017', NULL, 'Mohammad Yazid Diratama', 'ad097d2585bc7c62fd1ed53083637aaa', 'Jl. Patrol VI No.29 RT/RW 11/08 Baleendah Kab.Bandung  3 jan 94', '081320235400', 'P', '41', NULL),
('215412002', '198706222015041002', 'Susetyo Bagas Bhaskoro', 'ee776a18253721efe8a62e4abd29dc47', 'Jl.Cendrawasih 1 Blok C 103 PGP RT 09 RW 05 KEL/KEC. PINANG, TANGGERANG ', NULL, 'L', '5', NULL),
('216410002', '198509252018031001', 'Andri Pratama', '6bd3108684ccc9dfd40b126877f850b0', 'Jl. Babakan Priangan V No 60 Kel. Ciseureuh KEc. Regol Bandung', NULL, 'L', '3', NULL),
('216411003', '199201062018032001', 'Dinny Indrian', '18e54325b78c44ae453a263c88a5b934', 'Jl. Terusan Gg. SMEA PGRI 1 No 176 Cimahi', '022 6648126', 'P', '6', NULL),
('216411004', NULL, 'Faisal Abdulrahman Budikasih', '3fb3374401c69dc4487a3f5c36874fe6', 'Jl. Bbk. Irigasi Gg. AMD II No. 174/197D RT 03/03 Kel. Babakan Tarogong Kec. Bojongloa Kaler Bandung', NULL, 'L', '29', 'Pranata Lab. Pendidikan'),
('216412005', NULL, 'Muhamad Aditya Royandi', '057829fa5a65fc1ace408f490be486ac', 'Perum Pradha Ciganitri Blok B No 127', NULL, 'L', '29', NULL),
('216412006', NULL, 'Devid Setya Nugroho', '8c265dc4382bd9bc7eab5ee768585c65', 'Cipagalo RT 002 RW 003 Bandung Kidul', NULL, 'L', '23', '(Binary/Image)'),
('216412007', NULL, 'Usep Indra Hamdani', '56c4a862c1cdc9d70f7341e6e56b2a40', 'Dsn Cipareuag RT 001/008 Ds Sukadana Cimanggung Kabupaten Sumedang', '0857 5918 7762', 'L', '23', '(Binary/Image)'),
('218401001', NULL, 'Fachri Ilman Fauzandi', 'fd02800cfb8ddee3834343e382acbea2', 'Komplek GBA 1 Blok G No. 111 RT 02 RW 15', '022 7507841', 'L', '5', 'Pranata Lab. Pendidikan'),
('218401002', '198804242018032001', 'Fitria Suryatini', 'e2ebcfdd55876407db98b124007a320a', 'Jl. Nanjung KP Jalan Cagak No. 19 RT 05/04 Desa Lagadar Kec. Margaasih Kab. Bandung  ', NULL, 'P', '5', NULL),
('218402005', NULL, 'Hendrawan Hadi Sulistio', '938b4263f09b8b1dae8f027d06681ec9', 'Jl. Babakan Haji Tamim No. 27 / 139A Kelurahan Padasuka, Kecamatan Cibeunying Kidul Bandung', NULL, 'L', '6', 'Pranata Lab. Pendidikan');
INSERT INTO `tb_master_pegawai` (`ID`, `NIP`, `NAMA`, `PASSWORD`, `ALAMAT`, `TELPON`, `KELAMIN`, `ASALUNIT`, `NAMAJABATAN`) VALUES
('218403006', NULL, 'Asep Nur Hidayat', 'dc855efb0dc7476760afaa1b281665f1', 'Jl. Sukawarna F1/11 RT 01.03 Kel. Pajajaran, Kec. Cicendo Kota Bandung', NULL, 'L', '23', '(Binary/Image)'),
('218405007', NULL, 'Hafidz Muhammad Darman', '382340485193be3f12d52a1b5744cbf2', 'Komplek Cigadung Greenland K32 Bandung', NULL, 'L', '3', NULL),
('218405008', NULL, 'Dinny Fadilah', '18e54325b78c44ae453a263c88a5b934', 'Jl. Jayapura No. 27', NULL, 'P', '9', NULL),
('218408009', NULL, 'Muhammad Nursyam Rizal', 'd9d89fa2765270ff5cec434b1757015d', 'Jalan Sukamaju 128 RT 03 RW 07 Desa Kayuambon Kec. Lembang ', NULL, 'L', '5', NULL),
('218412011', NULL, 'Rakhmad Adi Suryanto', '5d105a978861edae03769f5edcd77630', 'Jl. Sirojul Munir No. 65, jatisari jatiasih, Kota Bekasi', NULL, 'L', '22', 'Pengelola Keuangan'),
('218412012', NULL, 'Risa Khoirunisa', 'a0ae2b2f9b060eeac3128f73d0b0cbaa', 'Gg. Ciseureuh RT 003/003 Kel. Karasak Kec. Astana Anyar Kota Bandung', NULL, 'P', '22', 'Pengelola Keuangan'),
('219402001', NULL, 'Muhammad Fadhlan Afif', '4dddb215da88088596a0a52cbb87cc8b', 'Jl. A. Yani Belakang No. 457 RT 03 RW 03 Suci, Karangpawitan, Garut', '0262 235188', 'L', '6', NULL),
('219403004', NULL, 'Elvina Arraffi Widyanti', 'ae2f6235c4962a83dda12cea8bd582b2', NULL, NULL, 'P', '9', NULL),
('219404005', NULL, 'Mohammad Yazid Diratama', 'ad097d2585bc7c62fd1ed53083637aaa', 'Jl. Patrol VI no.29 RT 11 RW 08 baleendah', '0225948700', 'L', '3', NULL),
('219406006', '199109102019031015', 'Muhammad Rizki Gorbyandinadi', '3e089c076bf1ec3a8332280ee35c28d4', 'Sukaluyu 1 Gg. 4 No. 26 RT 04 RW 06 Kelurahan Cihaurgeulis, Kecamatan Cibeunying Kaler', NULL, 'L', '7', NULL),
('219406007', '198611052019031009', 'Sandy Bhawana Mulia', 'd686a53fb86a6c31fa6faa1d9333267e', 'Jl. Kebon Kopi No 95A RT 02 RW 05 Cibeureum', NULL, 'L', '5', NULL),
('219406008', '198803132019031009', 'Abdur Rohman Harits Martawireja', '3d8fb62c1e332770eaddbe4950b33c51', 'Jl. Kuping Gajah No. 39 E Cisaranten Kulon Kec. Arcamanik', NULL, 'L', '5', NULL),
('admin', NULL, 'Kepegawaian', '040a9e40fb0ab1520b218c19485d08ec', NULL, NULL, 'L', '8', NULL),
('administrator', NULL, 'administrator', '17d4f6cbb47aaeae118516821b16ff64', NULL, NULL, 'L', '8', NULL),
('hilman', '132306676', 'hilman indrayanto', '6a1ff35fb5d8cba72c93cbe4f555b207', 'Jl. sederhana 2 No. 10 Bandung', NULL, 'L', '8', 'Administrasi umum'),
('Membawa-Sendiri', NULL, 'Membawa Sendiri', NULL, NULL, NULL, NULL, NULL, NULL),
('satpam', NULL, 'Satpam Polman', 'inputkilometer123', NULL, NULL, NULL, NULL, NULL),
('superadmin', NULL, 'superadmin', 'ac43724f16e9241d990427ab7c8f4228', NULL, NULL, 'L', '0', NULL);

-- --------------------------------------------------------

--
-- Table structure for table `tb_master_pengemudi`
--

CREATE TABLE `tb_master_pengemudi` (
  `ID` char(15) NOT NULL,
  `NAMA` varchar(37) DEFAULT NULL,
  `STATUS` enum('Tidak Bertugas','Bertugas') DEFAULT NULL
) ENGINE=InnoDB DEFAULT CHARSET=latin1;

--
-- Dumping data for table `tb_master_pengemudi`
--

INSERT INTO `tb_master_pengemudi` (`ID`, `NAMA`, `STATUS`) VALUES
('197411038', 'Aceng Hikmatakyudin', 'Tidak Bertugas'),
('200407004', 'Ahmad Jupri', 'Tidak Bertugas'),
('208504002', 'Cep Hamzah', 'Tidak Bertugas'),
('209403006', 'Pungkas Apri Wibowo', 'Tidak Bertugas'),
('209403007', 'Nandan Priatna', 'Tidak Bertugas'),
('215403001', 'Purwanto', 'Tidak Bertugas'),
('218403006', 'Asep Nur Hidayat', 'Tidak Bertugas'),
('Membawa-Sendiri', 'Membawa Sendiri', 'Tidak Bertugas');

-- --------------------------------------------------------

--
-- Table structure for table `tb_master_unit`
--

CREATE TABLE `tb_master_unit` (
  `ID` char(2) NOT NULL,
  `NAMA_UNIT` varchar(80) DEFAULT NULL,
  `NO_ACC` char(5) DEFAULT NULL
) ENGINE=InnoDB DEFAULT CHARSET=latin1;

--
-- Dumping data for table `tb_master_unit`
--

INSERT INTO `tb_master_unit` (`ID`, `NAMA_UNIT`, `NO_ACC`) VALUES
('0', NULL, NULL),
('13', 'Bagian Adm. Akademik & Kemahasiswaan', '4221'),
('14', 'Manajemen', '421'),
('15', 'Unit Pelayanan Masyarakat (UPM)', '4231'),
('16', 'UPT. Logistik', '4241'),
('17', 'UPT. P3', '4242'),
('18', 'UPT. Puskomedia', '4243'),
('22', 'Bagian Keuangan', '42223'),
('23', 'Bagian Adum./Sub. Bag. Umum', '42221'),
('29', 'Pensiun & Mantan', NULL),
('3', 'Jurusan Teknik Manufaktur', '411'),
('31', NULL, NULL),
('32', 'SATPAM ', NULL),
('33', 'Unit Penelitian, Pengembangan dan Pemberdayaan Masyarakat (UP3M)', NULL),
('34', 'Unit Sosiomanufaktur', NULL),
('37', 'Cleaner', NULL),
('38', 'PPL DE', NULL),
('39', 'PPL AE', NULL),
('40', 'Houseman', NULL),
('41', 'PPL ME', NULL),
('42', 'Koperasi Pegawai POLMAN', NULL),
('43', 'PPL FE', NULL),
('5', 'Jurusan Teknik Otomasi Manufaktur dan Mekatronika\r\n', '414'),
('6', 'Jurusan Teknik Perancangan Manufaktur', '412'),
('7', 'Jurusan Teknik Pengecoran Logam', '413'),
('8', NULL, NULL),
('9', 'Bagian Adum./Sub. Bag. Sumber Daya/Kesekretariatan/Kerumahtanggaan', '42222');

-- --------------------------------------------------------

--
-- Table structure for table `tb_perbaikan`
--

CREATE TABLE `tb_perbaikan` (
  `id_perbaikan` char(9) NOT NULL,
  `id_kendaraan` char(4) DEFAULT NULL,
  `tgl_perbaikan` date DEFAULT NULL,
  `jenis_perbaikan` enum('Berkala','Insidental') DEFAULT NULL,
  `nama_perbaikan` varchar(40) DEFAULT NULL,
  `jumlah` int(9) DEFAULT NULL,
  `satuan` enum('Unit','Set') DEFAULT NULL,
  `harga` int(12) DEFAULT NULL,
  `total` int(12) DEFAULT NULL
) ENGINE=InnoDB DEFAULT CHARSET=latin1;

--
-- Dumping data for table `tb_perbaikan`
--

INSERT INTO `tb_perbaikan` (`id_perbaikan`, `id_kendaraan`, `tgl_perbaikan`, `jenis_perbaikan`, `nama_perbaikan`, `jumlah`, `satuan`, `harga`, `total`) VALUES
('00000002', 'P-02', '2019-08-26', 'Insidental', 'Kanpas Rem Depan', 2, 'Set', 12000, 24000),
('00000003', 'P-02', '2019-08-26', 'Insidental', 'Laher Ban Depan dan belakang', 4, 'Unit', 250000, 1000000),
('00000004', 'P-01', '2019-08-20', 'Insidental', 'Radiator AC', 1, 'Unit', 150000, 150000);

--
-- Indexes for dumped tables
--

--
-- Indexes for table `sy_level`
--
ALTER TABLE `sy_level`
  ADD PRIMARY KEY (`level`);

--
-- Indexes for table `sy_order_peminjaman`
--
ALTER TABLE `sy_order_peminjaman`
  ADD PRIMARY KEY (`id_peminjaman`),
  ADD KEY `id_pegawai` (`id_pegawai`),
  ADD KEY `kendaraan` (`kendaraan`),
  ADD KEY `supir` (`supir`);

--
-- Indexes for table `sy_user`
--
ALTER TABLE `sy_user`
  ADD PRIMARY KEY (`user_id`);

--
-- Indexes for table `sy_user_level`
--
ALTER TABLE `sy_user_level`
  ADD PRIMARY KEY (`NO`),
  ADD KEY `user_id` (`user_id`),
  ADD KEY `user_level` (`user_level`);

--
-- Indexes for table `tb_master_kendaraan`
--
ALTER TABLE `tb_master_kendaraan`
  ADD PRIMARY KEY (`id_kendaraan`);

--
-- Indexes for table `tb_master_pegawai`
--
ALTER TABLE `tb_master_pegawai`
  ADD PRIMARY KEY (`ID`),
  ADD KEY `ASALUNIT` (`ASALUNIT`);

--
-- Indexes for table `tb_master_pengemudi`
--
ALTER TABLE `tb_master_pengemudi`
  ADD PRIMARY KEY (`ID`);

--
-- Indexes for table `tb_master_unit`
--
ALTER TABLE `tb_master_unit`
  ADD PRIMARY KEY (`ID`);

--
-- Indexes for table `tb_perbaikan`
--
ALTER TABLE `tb_perbaikan`
  ADD PRIMARY KEY (`id_perbaikan`),
  ADD KEY `id_kendaraan` (`id_kendaraan`);

--
-- AUTO_INCREMENT for dumped tables
--

--
-- AUTO_INCREMENT for table `sy_user_level`
--
ALTER TABLE `sy_user_level`
  MODIFY `NO` int(11) NOT NULL AUTO_INCREMENT, AUTO_INCREMENT=726;

--
-- Constraints for dumped tables
--

--
-- Constraints for table `sy_order_peminjaman`
--
ALTER TABLE `sy_order_peminjaman`
  ADD CONSTRAINT `sy_order_peminjaman_ibfk_1` FOREIGN KEY (`id_pegawai`) REFERENCES `tb_master_pegawai` (`ID`),
  ADD CONSTRAINT `sy_order_peminjaman_ibfk_2` FOREIGN KEY (`kendaraan`) REFERENCES `tb_master_kendaraan` (`id_kendaraan`),
  ADD CONSTRAINT `sy_order_peminjaman_ibfk_3` FOREIGN KEY (`supir`) REFERENCES `tb_master_pengemudi` (`ID`);

--
-- Constraints for table `sy_user_level`
--
ALTER TABLE `sy_user_level`
  ADD CONSTRAINT `sy_user_level_ibfk_1` FOREIGN KEY (`user_id`) REFERENCES `sy_user` (`user_id`),
  ADD CONSTRAINT `sy_user_level_ibfk_2` FOREIGN KEY (`user_level`) REFERENCES `sy_level` (`level`);

--
-- Constraints for table `tb_master_pegawai`
--
ALTER TABLE `tb_master_pegawai`
  ADD CONSTRAINT `tb_master_pegawai_ibfk_1` FOREIGN KEY (`ID`) REFERENCES `sy_user` (`user_id`),
  ADD CONSTRAINT `tb_master_pegawai_ibfk_2` FOREIGN KEY (`ASALUNIT`) REFERENCES `tb_master_unit` (`ID`);

--
-- Constraints for table `tb_master_pengemudi`
--
ALTER TABLE `tb_master_pengemudi`
  ADD CONSTRAINT `tb_master_pengemudi_ibfk_1` FOREIGN KEY (`ID`) REFERENCES `tb_master_pegawai` (`ID`);

--
-- Constraints for table `tb_perbaikan`
--
ALTER TABLE `tb_perbaikan`
  ADD CONSTRAINT `tb_perbaikan_ibfk_1` FOREIGN KEY (`id_kendaraan`) REFERENCES `tb_master_kendaraan` (`id_kendaraan`);
COMMIT;

/*!40101 SET CHARACTER_SET_CLIENT=@OLD_CHARACTER_SET_CLIENT */;
/*!40101 SET CHARACTER_SET_RESULTS=@OLD_CHARACTER_SET_RESULTS */;
/*!40101 SET COLLATION_CONNECTION=@OLD_COLLATION_CONNECTION */;
